tecnico_id,vivienda_id,fecha_asignacion
3,SIM-2025-0001,27-08-2026
2,SIM-2026-0002,27-08-2026
2,SIM-2025-0003,27-08-2026
6,SIM-2026-0004,27-08-2026
4,SIM-2025-0010,27-08-2026
1,SIM-2026-0011,27-08-2026
5,SIM-2026-0012,27-08-2026
1,SIM-2025-0013,27-08-2026
1,SIM-2025-0016,27-08-2026
1,SIM-2025-0018,27-08-2026
4,SIM-2026-0021,27-08-2026
2,SIM-2025-0023,27-08-2026
2,SIM-2025-0024,27-08-2026
4,SIM-2024-0026,27-08-2026
1,SIM-2025-0027,27-08-2026
1,SIM-2026-0028,27-08-2026
3,SIM-2026-0031,27-08-2026
3,SIM-2026-0032,27-08-2026
1,SIM-2026-0033,27-08-2026
2,SIM-2026-0034,27-08-2026
1,SIM-2025-0035,27-08-2026
2,SIM-2026-0037,27-08-2026
3,SIM-2025-0038,27-08-2026
3,SIM-2026-0043,27-08-2026
5,SIM-2026-0044,27-08-2026
5,SIM-2025-0045,27-08-2026
2,SIM-2025-0047,27-08-2026
3,SIM-2025-0048,27-08-2026
1,SIM-2025-0051,27-08-2026
2,SIM-2023-0053,27-08-2026
5,SIM-2025-0055,27-08-2026
1,SIM-2025-0056,27-08-2026
1,SIM-2025-0058,27-08-2026
1,SIM-2025-0060,27-08-2026
6,SIM-2026-0061,27-08-2026
1,SIM-2026-0062,27-08-2026
3,SIM-2026-0063,27-08-2026
6,SIM-2025-0064,27-08-2026
1,SIM-2026-0065,27-08-2026
2,SIM-2024-0067,27-08-2026
2,SIM-2026-0070,27-08-2026
5,SIM-2026-0071,27-08-2026
1,SIM-2025-0072,27-08-2026
6,SIM-2025-0073,27-08-2026
1,SIM-2025-0074,27-08-2026
4,SIM-2026-0075,27-08-2026
1,SIM-2026-0077,27-08-2026
3,SIM-2025-0083,27-08-2026
1,SIM-2026-0085,27-08-2026
1,SIM-2025-0087,27-08-2026
3,SIM-2026-0088,27-08-2026
2,SIM-2026-0090,27-08-2026
1,SIM-2026-0092,27-08-2026
1,SIM-2025-0094,27-08-2026
4,SIM-2025-0095,27-08-2026
1,SIM-2025-0096,27-08-2026
1,SIM-2025-0097,27-08-2026
1,SIM-2025-0098,27-08-2026
4,SIM-2025-0099,27-08-2026
5,SIM-2026-0100,27-08-2026
5,SIM-2025-0101,27-08-2026
1,SIM-2026-0102,27-08-2026
1,SIM-2025-0104,27-08-2026
4,SIM-2026-0106,27-08-2026
3,SIM-2025-0107,27-08-2026
1,SIM-2025-0108,27-08-2026
2,SIM-2025-0109,27-08-2026
4,SIM-2026-0110,27-08-2026
1,SIM-2025-0112,27-08-2026
1,SIM-2026-0115,27-08-2026
2,SIM-2025-0116,27-08-2026
1,SIM-2024-0118,27-08-2026
2,SIM-2025-0120,27-08-2026
1,SIM-2025-0121,27-08-2026
1,SIM-2025-0125,27-08-2026
5,SIM-2025-0127,27-08-2026
1,SIM-2025-0128,27-08-2026
1,SIM-2026-0130,27-08-2026
5,SIM-2025-0132,27-08-2026
1,SIM-2026-0134,27-08-2026
6,SIM-2025-0135,27-08-2026
2,SIM-2025-0138,27-08-2026
3,SIM-2026-0141,27-08-2026
1,SIM-2025-0142,27-08-2026
4,SIM-2025-0145,27-08-2026
1,SIM-2025-0146,27-08-2026
6,SIM-2026-0147,27-08-2026
1,SIM-2026-0149,27-08-2026
1,SIM-2025-0150,27-08-2026
1,SIM-2026-0152,27-08-2026
1,SIM-2025-0153,27-08-2026
6,SIM-2025-0159,27-08-2026
1,SIM-2025-0160,27-08-2026
6,SIM-2025-0163,27-08-2026
1,SIM-2026-0164,27-08-2026
2,SIM-2025-0165,27-08-2026
1,SIM-2026-0166,27-08-2026
1,SIM-2025-0167,27-08-2026
1,SIM-2026-0169,27-08-2026
3,SIM-2026-0170,27-08-2026
3,SIM-2025-0171,27-08-2026
4,SIM-2026-0172,27-08-2026
6,SIM-2026-0175,27-08-2026
1,SIM-2026-0176,27-08-2026
2,SIM-2026-0177,27-08-2026
1,SIM-2026-0179,27-08-2026
3,SIM-2026-0181,27-08-2026
1,SIM-2026-0182,27-08-2026
5,SIM-2024-0187,27-08-2026
2,SIM-2025-0188,27-08-2026
2,SIM-2025-0189,27-08-2026
3,SIM-2026-0190,27-08-2026
1,SIM-2025-0192,27-08-2026
1,SIM-2026-0193,27-08-2026
3,SIM-2025-0195,27-08-2026
1,SIM-2025-0196,27-08-2026
4,SIM-2026-0197,27-08-2026
1,SIM-2026-0200,27-08-2026
3,SIM-2025-0203,27-08-2026
1,SIM-2026-0205,27-08-2026
4,SIM-2025-0206,27-08-2026
3,SIM-2025-0207,27-08-2026
1,SIM-2025-0210,27-08-2026
1,SIM-2026-0211,27-08-2026
1,SIM-2025-0212,27-08-2026
6,SIM-2025-0213,27-08-2026
1,SIM-2025-0214,27-08-2026
3,SIM-2023-0216,27-08-2026
4,SIM-2026-0217,27-08-2026
1,SIM-2025-0218,27-08-2026
3,SIM-2026-0220,27-08-2026
5,SIM-2026-0221,27-08-2026
3,SIM-2025-0222,27-08-2026
1,SIM-2026-0223,27-08-2026
1,SIM-2025-0224,27-08-2026
1,SIM-2025-0225,27-08-2026
4,SIM-2026-0228,27-08-2026
3,SIM-2026-0229,27-08-2026
3,SIM-2026-0231,27-08-2026
2,SIM-2025-0232,27-08-2026
1,SIM-2025-0233,27-08-2026
6,SIM-2026-0234,27-08-2026
5,SIM-2026-0235,27-08-2026
4,SIM-2026-0236,27-08-2026
1,SIM-2026-0237,27-08-2026
1,SIM-2026-0239,27-08-2026
1,SIM-2026-0240,27-08-2026
1,SIM-2026-0241,27-08-2026
1,SIM-2026-0243,27-08-2026
3,SIM-2025-0245,27-08-2026
2,SIM-2025-0246,27-08-2026
3,SIM-2025-0250,27-08-2026
1,SIM-2025-0251,27-08-2026
4,SIM-2025-0253,27-08-2026
1,SIM-2025-0256,27-08-2026
4,SIM-2026-0257,27-08-2026
6,SIM-2025-0258,27-08-2026
2,SIM-2026-0259,27-08-2026
4,SIM-2024-0261,27-08-2026
3,SIM-2026-0263,27-08-2026
1,SIM-2025-0264,27-08-2026
6,SIM-2026-0266,27-08-2026
1,SIM-2026-0267,27-08-2026
2,SIM-2026-0268,27-08-2026
1,SIM-2025-0269,27-08-2026
2,SIM-2025-0270,27-08-2026
6,SIM-2025-0271,27-08-2026
1,SIM-2025-0274,27-08-2026
1,SIM-2023-0275,27-08-2026
3,SIM-2026-0277,27-08-2026
3,SIM-2026-0279,27-08-2026
1,SIM-2025-0280,27-08-2026
3,SIM-2026-0283,27-08-2026
3,SIM-2024-0284,27-08-2026
1,SIM-2026-0285,27-08-2026
1,SIM-2026-0288,27-08-2026
1,SIM-2025-0289,27-08-2026
1,SIM-2025-0290,27-08-2026
2,SIM-2025-0291,27-08-2026
1,SIM-2025-0292,27-08-2026
1,SIM-2025-0294,27-08-2026
3,SIM-2026-0296,27-08-2026
4,SIM-2026-0299,27-08-2026
4,SIM-2025-0302,27-08-2026
1,SIM-2025-0305,27-08-2026
1,SIM-2025-0308,27-08-2026
1,SIM-2026-0309,27-08-2026
5,SIM-2026-0311,27-08-2026
3,SIM-2026-0312,27-08-2026
1,SIM-2026-0314,27-08-2026
4,SIM-2025-0315,27-08-2026
1,SIM-2025-0316,27-08-2026
4,SIM-2025-0317,27-08-2026
1,SIM-2026-0318,27-08-2026
3,SIM-2026-0324,27-08-2026
1,SIM-2026-0325,27-08-2026
4,SIM-2026-0326,27-08-2026
1,SIM-2025-0327,27-08-2026
1,SIM-2026-0328,27-08-2026
3,SIM-2025-0329,27-08-2026
5,SIM-2023-0330,27-08-2026
4,SIM-2026-0331,27-08-2026
5,SIM-2025-0333,27-08-2026
1,SIM-2026-0334,27-08-2026
1,SIM-2025-0337,27-08-2026
2,SIM-2025-0338,27-08-2026
1,SIM-2025-0339,27-08-2026
1,SIM-2026-0341,27-08-2026
6,SIM-2025-0343,27-08-2026
5,SIM-2026-0346,27-08-2026
1,SIM-2025-0347,27-08-2026
1,SIM-2026-0350,27-08-2026
6,SIM-2026-0351,27-08-2026
1,SIM-2023-0352,27-08-2026
1,SIM-2025-0355,27-08-2026
1,SIM-2025-0358,27-08-2026
1,SIM-2026-0359,27-08-2026
5,SIM-2026-0362,27-08-2026
6,SIM-2026-0363,27-08-2026
3,SIM-2025-0365,27-08-2026
1,SIM-2026-0366,27-08-2026
5,SIM-2025-0367,27-08-2026
1,SIM-2025-0368,27-08-2026
2,SIM-2023-0370,27-08-2026
6,SIM-2026-0371,27-08-2026
5,SIM-2026-0372,27-08-2026
3,SIM-2026-0373,27-08-2026
2,SIM-2026-0374,27-08-2026
5,SIM-2024-0375,27-08-2026
3,SIM-2026-0380,27-08-2026
4,SIM-2026-0381,27-08-2026
3,SIM-2026-0382,27-08-2026
5,SIM-2026-0383,27-08-2026
2,SIM-2026-0384,27-08-2026
2,SIM-2026-0385,27-08-2026
1,SIM-2026-0387,27-08-2026
1,SIM-2025-0389,27-08-2026
2,SIM-2026-0390,27-08-2026
5,SIM-2025-0391,27-08-2026
1,SIM-2026-0392,27-08-2026
4,SIM-2026-0395,27-08-2026
2,SIM-2026-0396,27-08-2026
1,SIM-2026-0398,27-08-2026
2,SIM-2025-0399,27-08-2026
6,SIM-2026-0400,27-08-2026
1,SIM-2026-0401,27-08-2026
3,SIM-2026-0404,27-08-2026
2,SIM-2025-0406,27-08-2026
5,SIM-2025-0408,27-08-2026
5,SIM-2024-0410,27-08-2026
1,SIM-2026-0412,27-08-2026
2,SIM-2026-0413,27-08-2026
5,SIM-2026-0414,27-08-2026
1,SIM-2025-0415,27-08-2026
4,SIM-2025-0417,27-08-2026
2,SIM-2026-0418,27-08-2026
1,SIM-2025-0420,27-08-2026
4,SIM-2026-0421,27-08-2026
4,SIM-2025-0426,27-08-2026
1,SIM-2025-0432,27-08-2026
5,SIM-2024-0434,27-08-2026
1,SIM-2024-0435,27-08-2026
3,SIM-2026-0437,27-08-2026
5,SIM-2026-0440,27-08-2026
1,SIM-2026-0441,27-08-2026
1,SIM-2025-0442,27-08-2026
6,SIM-2026-0443,27-08-2026
1,SIM-2024-0444,27-08-2026
3,SIM-2025-0445,27-08-2026
2,SIM-2026-0449,27-08-2026
1,SIM-2026-0451,27-08-2026
1,SIM-2025-0453,27-08-2026
2,SIM-2025-0457,27-08-2026
2,SIM-2026-0458,27-08-2026
6,SIM-2025-0460,27-08-2026
2,SIM-2025-0461,27-08-2026
1,SIM-2025-0463,27-08-2026
1,SIM-2025-0465,27-08-2026
1,SIM-2026-0466,27-08-2026
1,SIM-2026-0467,27-08-2026
3,SIM-2025-0469,27-08-2026
5,SIM-2025-0470,27-08-2026
1,SIM-2025-0473,27-08-2026
1,SIM-2026-0474,27-08-2026
2,SIM-2023-0475,27-08-2026
3,SIM-2026-0476,27-08-2026
1,SIM-2025-0477,27-08-2026
5,SIM-2026-0478,27-08-2026
3,SIM-2025-0479,27-08-2026
4,SIM-2025-0480,27-08-2026
1,SIM-2026-0481,27-08-2026
2,SIM-2026-0483,27-08-2026
1,SIM-2026-0484,27-08-2026
3,SIM-2025-0485,27-08-2026
1,SIM-2025-0486,27-08-2026
1,SIM-2026-0488,27-08-2026
5,SIM-2026-0489,27-08-2026
1,SIM-2026-0490,27-08-2026
1,SIM-2026-0491,27-08-2026
5,SIM-2025-0493,27-08-2026
1,SIM-2026-0496,27-08-2026
3,SIM-2025-0497,27-08-2026
5,SIM-2025-0499,27-08-2026
1,SIM-2025-0500,27-08-2026
3,SIM-2026-0501,27-08-2026
1,SIM-2026-0502,27-08-2026
4,SIM-2024-0503,27-08-2026
1,SIM-2026-0504,27-08-2026
6,SIM-2025-0505,27-08-2026
1,SIM-2025-0506,27-08-2026
2,SIM-2025-0509,27-08-2026
2,SIM-2026-0512,27-08-2026
4,SIM-2026-0513,27-08-2026
2,SIM-2025-0516,27-08-2026
1,SIM-2026-0517,27-08-2026
1,SIM-2025-0518,27-08-2026
4,SIM-2025-0519,27-08-2026
3,SIM-2026-0520,27-08-2026
1,SIM-2026-0521,27-08-2026
1,SIM-2025-0523,27-08-2026
1,SIM-2025-0524,27-08-2026
3,SIM-2026-0525,27-08-2026
1,SIM-2023-0526,27-08-2026
1,SIM-2026-0527,27-08-2026
1,SIM-2023-0528,27-08-2026
1,SIM-2026-0529,27-08-2026
6,SIM-2026-0531,27-08-2026
4,SIM-2026-0533,27-08-2026
6,SIM-2025-0534,27-08-2026
1,SIM-2025-0535,27-08-2026
1,SIM-2025-0536,27-08-2026
5,SIM-2026-0537,27-08-2026
2,SIM-2026-0538,27-08-2026
3,SIM-2026-0539,27-08-2026
1,SIM-2026-0540,27-08-2026
3,SIM-2025-0541,27-08-2026
3,SIM-2026-0542,27-08-2026
4,SIM-2025-0544,27-08-2026
1,SIM-2026-0545,27-08-2026
1,SIM-2026-0546,27-08-2026
1,SIM-2026-0549,27-08-2026
6,SIM-2026-0550,27-08-2026
5,SIM-2025-0551,27-08-2026
1,SIM-2024-0552,27-08-2026
1,SIM-2026-0553,27-08-2026
3,SIM-2025-0555,27-08-2026
1,SIM-2026-0557,27-08-2026
6,SIM-2026-0558,27-08-2026
4,SIM-2026-0559,27-08-2026
1,SIM-2025-0561,27-08-2026
1,SIM-2025-0562,27-08-2026
1,SIM-2025-0565,27-08-2026
5,SIM-2025-0566,27-08-2026
1,SIM-2025-0567,27-08-2026
5,SIM-2026-0570,27-08-2026
1,SIM-2025-0571,27-08-2026
1,SIM-2025-0574,27-08-2026
3,SIM-2025-0576,27-08-2026
2,SIM-2025-0579,27-08-2026
4,SIM-2026-0580,27-08-2026
1,SIM-2026-0582,27-08-2026
5,SIM-2026-0587,27-08-2026
1,SIM-2026-0588,27-08-2026
5,SIM-2025-0589,27-08-2026
3,SIM-2025-0590,27-08-2026
6,SIM-2026-0591,27-08-2026
5,SIM-2025-0592,27-08-2026
3,SIM-2023-0594,27-08-2026
3,SIM-2024-0595,27-08-2026
1,SIM-2025-0597,27-08-2026
1,SIM-2026-0598,27-08-2026
3,SIM-2026-0600,27-08-2026
2,SIM-2026-0603,27-08-2026
1,SIM-2025-0604,27-08-2026
4,SIM-2026-0605,27-08-2026
6,SIM-2026-0606,27-08-2026
4,SIM-2026-0607,27-08-2026
1,SIM-2025-0609,27-08-2026
1,SIM-2025-0611,27-08-2026
5,SIM-2025-0612,27-08-2026
1,SIM-2026-0614,27-08-2026
2,SIM-2025-0616,27-08-2026
1,SIM-2026-0618,27-08-2026
6,SIM-2026-0620,27-08-2026
1,SIM-2026-0621,27-08-2026
4,SIM-2026-0623,27-08-2026
3,SIM-2026-0624,27-08-2026
4,SIM-2025-0625,27-08-2026
1,SIM-2024-0626,27-08-2026
3,SIM-2026-0627,27-08-2026
2,SIM-2026-0631,27-08-2026
2,SIM-2023-0633,27-08-2026
1,SIM-2025-0634,27-08-2026
1,SIM-2025-0635,27-08-2026
1,SIM-2025-0636,27-08-2026
1,SIM-2025-0638,27-08-2026
3,SIM-2025-0640,27-08-2026
1,SIM-2026-0641,27-08-2026
1,SIM-2025-0643,27-08-2026
6,SIM-2025-0644,27-08-2026
2,SIM-2026-0646,27-08-2026
1,SIM-2025-0647,27-08-2026
1,SIM-2024-0649,27-08-2026
1,SIM-2026-0650,27-08-2026
1,SIM-2026-0654,27-08-2026
4,SIM-2026-0656,27-08-2026
5,SIM-2026-0657,27-08-2026
3,SIM-2025-0661,27-08-2026
2,SIM-2024-0663,27-08-2026
1,SIM-2026-0664,27-08-2026
4,SIM-2025-0665,27-08-2026
1,SIM-2025-0667,27-08-2026
2,SIM-2024-0668,27-08-2026
1,SIM-2026-0670,27-08-2026
1,SIM-2025-0671,27-08-2026
2,SIM-2026-0678,27-08-2026
5,SIM-2026-0680,27-08-2026
1,SIM-2025-0681,27-08-2026
2,SIM-2026-0683,27-08-2026
4,SIM-2025-0684,27-08-2026
1,SIM-2025-0685,27-08-2026
6,SIM-2025-0687,27-08-2026
1,SIM-2025-0690,27-08-2026
1,SIM-2026-0693,27-08-2026
1,SIM-2026-0695,27-08-2026
1,SIM-2025-0696,27-08-2026
1,SIM-2025-0699,27-08-2026
1,SIM-2026-0700,27-08-2026
1,SIM-2026-0701,27-08-2026
1,SIM-2026-0702,27-08-2026
4,SIM-2025-0708,27-08-2026
1,SIM-2026-0709,27-08-2026
1,SIM-2025-0711,27-08-2026
3,SIM-2025-0713,27-08-2026
1,SIM-2025-0714,27-08-2026
1,SIM-2025-0716,27-08-2026
1,SIM-2026-0717,27-08-2026
4,SIM-2025-0719,27-08-2026
3,SIM-2025-0720,27-08-2026
1,SIM-2026-0721,27-08-2026
1,SIM-2026-0722,27-08-2026
4,SIM-2026-0724,27-08-2026
6,SIM-2024-0725,27-08-2026
2,SIM-2026-0727,27-08-2026
1,SIM-2026-0729,27-08-2026
1,SIM-2026-0731,27-08-2026
1,SIM-2025-0736,27-08-2026
6,SIM-2026-0737,27-08-2026
1,SIM-2025-0738,27-08-2026
1,SIM-2026-0739,27-08-2026
6,SIM-2026-0741,27-08-2026
3,SIM-2026-0744,27-08-2026
1,SIM-2026-0745,27-08-2026
1,SIM-2026-0746,27-08-2026
1,SIM-2025-0747,27-08-2026
1,SIM-2026-0748,27-08-2026
2,SIM-2026-0749,27-08-2026
1,SIM-2026-0751,27-08-2026
1,SIM-2026-0752,27-08-2026
3,SIM-2025-0753,27-08-2026
3,SIM-2025-0754,27-08-2026
1,SIM-2025-0759,27-08-2026
1,SIM-2025-0763,27-08-2026
3,SIM-2026-0766,27-08-2026
4,SIM-2026-0768,27-08-2026
2,SIM-2025-0770,27-08-2026
3,SIM-2026-0771,27-08-2026
1,SIM-2025-0772,27-08-2026
5,SIM-2025-0775,27-08-2026
6,SIM-2025-0776,27-08-2026
1,SIM-2025-0777,27-08-2026
1,SIM-2025-0781,27-08-2026
1,SIM-2025-0782,27-08-2026
1,SIM-2026-0783,27-08-2026
1,SIM-2026-0784,27-08-2026
4,SIM-2024-0785,27-08-2026
4,SIM-2026-0786,27-08-2026
3,SIM-2026-0788,27-08-2026
3,SIM-2024-0789,27-08-2026
6,SIM-2026-0790,27-08-2026
2,SIM-2025-0791,27-08-2026
2,SIM-2026-0794,27-08-2026
3,SIM-2025-0796,27-08-2026
2,SIM-2026-0801,27-08-2026
3,SIM-2025-0802,27-08-2026
6,SIM-2026-0805,27-08-2026
1,SIM-2026-0809,27-08-2026
1,SIM-2026-0810,27-08-2026
1,SIM-2026-0813,27-08-2026
2,SIM-2025-0815,27-08-2026
3,SIM-2026-0817,27-08-2026
6,SIM-2025-0818,27-08-2026
3,SIM-2025-0820,27-08-2026
1,SIM-2025-0823,27-08-2026
6,SIM-2025-0826,27-08-2026
2,SIM-2025-0828,27-08-2026
2,SIM-2025-0829,27-08-2026
2,SIM-2025-0834,27-08-2026
1,SIM-2026-0837,27-08-2026
4,SIM-2024-0839,27-08-2026
1,SIM-2025-0840,27-08-2026
1,SIM-2026-0841,27-08-2026
4,SIM-2026-0842,27-08-2026
1,SIM-2026-0843,27-08-2026
3,SIM-2025-0844,27-08-2026
4,SIM-2026-0846,27-08-2026
3,SIM-2025-0850,27-08-2026
2,SIM-2026-0851,27-08-2026
1,SIM-2026-0852,27-08-2026
5,SIM-2026-0853,27-08-2026
1,SIM-2026-0854,27-08-2026
1,SIM-2025-0855,27-08-2026
1,SIM-2024-0857,27-08-2026
1,SIM-2026-0860,27-08-2026
1,SIM-2025-0861,27-08-2026
3,SIM-2025-0862,27-08-2026
5,SIM-2025-0865,27-08-2026
1,SIM-2025-0869,27-08-2026
3,SIM-2026-0873,27-08-2026
1,SIM-2026-0874,27-08-2026
1,SIM-2025-0875,27-08-2026
1,SIM-2025-0876,27-08-2026
5,SIM-2025-0882,27-08-2026
5,SIM-2026-0883,27-08-2026
4,SIM-2026-0884,27-08-2026
5,SIM-2026-0891,27-08-2026
6,SIM-2026-0895,27-08-2026
4,SIM-2025-0896,27-08-2026
1,SIM-2025-0899,27-08-2026
3,SIM-2025-0900,27-08-2026
1,SIM-2026-0903,27-08-2026
2,SIM-2026-0904,27-08-2026
1,SIM-2025-0905,27-08-2026
2,SIM-2026-0908,27-08-2026
4,SIM-2025-0909,27-08-2026
2,SIM-2026-0910,27-08-2026
6,SIM-2025-0912,27-08-2026
1,SIM-2026-0913,27-08-2026
1,SIM-2026-0914,27-08-2026
1,SIM-2025-0915,27-08-2026
1,SIM-2026-0918,27-08-2026
1,SIM-2025-0923,27-08-2026
5,SIM-2026-0925,27-08-2026
3,SIM-2025-0926,27-08-2026
1,SIM-2025-0930,27-08-2026
2,SIM-2026-0932,27-08-2026
1,SIM-2025-0934,27-08-2026
6,SIM-2025-0935,27-08-2026
1,SIM-2025-0938,27-08-2026
1,SIM-2025-0939,27-08-2026
1,SIM-2024-0940,27-08-2026
4,SIM-2025-0942,27-08-2026
1,SIM-2026-0945,27-08-2026
1,SIM-2025-0946,27-08-2026
2,SIM-2025-0947,27-08-2026
4,SIM-2025-0949,27-08-2026
1,SIM-2026-0950,27-08-2026
2,SIM-2024-0952,27-08-2026
2,SIM-2025-0959,27-08-2026
2,SIM-2026-0960,27-08-2026
4,SIM-2026-0961,27-08-2026
4,SIM-2025-0962,27-08-2026
4,SIM-2026-0964,27-08-2026
4,SIM-2025-0965,27-08-2026
2,SIM-2026-0967,27-08-2026
1,SIM-2026-0968,27-08-2026
4,SIM-2024-0969,27-08-2026
2,SIM-2026-0970,27-08-2026
3,SIM-2026-0971,27-08-2026
4,SIM-2025-0972,27-08-2026
3,SIM-2025-0973,27-08-2026
1,SIM-2026-0975,27-08-2026
1,SIM-2025-0977,27-08-2026
4,SIM-2025-0979,27-08-2026
6,SIM-2024-0980,27-08-2026
5,SIM-2026-0982,27-08-2026
4,SIM-2026-0984,27-08-2026
1,SIM-2026-0985,27-08-2026
5,SIM-2026-0986,27-08-2026
3,SIM-2025-0988,27-08-2026
1,SIM-2026-0990,27-08-2026
5,SIM-2024-0991,27-08-2026
1,SIM-2026-0995,27-08-2026
1,SIM-2026-0996,27-08-2026
1,SIM-2024-0998,27-08-2026
3,SIM-2025-0999,27-08-2026
3,SIM-2025-1001,27-08-2026
3,SIM-2026-1002,27-08-2026
1,SIM-2026-1003,27-08-2026
1,SIM-2025-1004,27-08-2026
5,SIM-2025-1005,27-08-2026
1,SIM-2025-1006,27-08-2026
4,SIM-2026-1007,27-08-2026
3,SIM-2025-1008,27-08-2026
1,SIM-2026-1009,27-08-2026
2,SIM-2025-1010,27-08-2026
5,SIM-2025-1011,27-08-2026
1,SIM-2025-1013,27-08-2026
2,SIM-2026-1014,27-08-2026
1,SIM-2026-1015,27-08-2026
1,SIM-2026-1016,27-08-2026
1,SIM-2024-1018,27-08-2026
1,SIM-2025-1019,27-08-2026
5,SIM-2026-1020,27-08-2026
2,SIM-2026-1021,27-08-2026
1,SIM-2025-1022,27-08-2026
1,SIM-2025-1024,27-08-2026
3,SIM-2026-1025,27-08-2026
1,SIM-2024-1027,27-08-2026
1,SIM-2026-1028,27-08-2026
2,SIM-2025-1029,27-08-2026
1,SIM-2026-1030,27-08-2026
1,SIM-2025-1032,27-08-2026
5,SIM-2025-1033,27-08-2026
2,SIM-2025-1035,27-08-2026
1,SIM-2025-1036,27-08-2026
1,SIM-2026-1040,27-08-2026
3,SIM-2026-1043,27-08-2026
5,SIM-2025-1045,27-08-2026
1,SIM-2025-1048,27-08-2026
2,SIM-2026-1051,27-08-2026
4,SIM-2025-1052,27-08-2026
3,SIM-2025-1054,27-08-2026
1,SIM-2026-1055,27-08-2026
1,SIM-2025-1056,27-08-2026
2,SIM-2023-1060,27-08-2026
1,SIM-2025-1061,27-08-2026
1,SIM-2026-1066,27-08-2026
1,SIM-2026-1067,27-08-2026
1,SIM-2026-1068,27-08-2026
2,SIM-2026-1069,27-08-2026
1,SIM-2025-1070,27-08-2026
1,SIM-2026-1072,27-08-2026
3,SIM-2025-1073,27-08-2026
5,SIM-2026-1076,27-08-2026
6,SIM-2024-1082,27-08-2026
1,SIM-2025-1084,27-08-2026
3,SIM-2025-1085,27-08-2026
4,SIM-2026-1086,27-08-2026
4,SIM-2025-1088,27-08-2026
1,SIM-2025-1090,27-08-2026
1,SIM-2025-1091,27-08-2026
4,SIM-2025-1092,27-08-2026
1,SIM-2026-1093,27-08-2026
4,SIM-2025-1096,27-08-2026
1,SIM-2025-1098,27-08-2026
1,SIM-2025-1100,27-08-2026
5,SIM-2025-1101,27-08-2026
3,SIM-2025-1102,27-08-2026
4,SIM-2025-1103,27-08-2026
2,SIM-2025-1104,27-08-2026
2,SIM-2026-1105,27-08-2026
1,SIM-2025-1106,27-08-2026
5,SIM-2025-1108,27-08-2026
1,SIM-2025-1109,27-08-2026
1,SIM-2025-1112,27-08-2026
1,SIM-2026-1115,27-08-2026
1,SIM-2025-1116,27-08-2026
1,SIM-2025-1117,27-08-2026
5,SIM-2025-1118,27-08-2026
4,SIM-2026-1120,27-08-2026
1,SIM-2026-1121,27-08-2026
3,SIM-2025-1122,27-08-2026
1,SIM-2025-1125,27-08-2026
6,SIM-2025-1126,27-08-2026
1,SIM-2026-1127,27-08-2026
1,SIM-2026-1129,27-08-2026
6,SIM-2025-1130,27-08-2026
1,SIM-2026-1131,27-08-2026
4,SIM-2025-1134,27-08-2026
1,SIM-2025-1138,27-08-2026
1,SIM-2025-1140,27-08-2026
5,SIM-2026-1141,27-08-2026
2,SIM-2023-1142,27-08-2026
1,SIM-2025-1143,27-08-2026
1,SIM-2026-1144,27-08-2026
1,SIM-2025-1145,27-08-2026
4,SIM-2025-1146,27-08-2026
1,SIM-2026-1147,27-08-2026
4,SIM-2026-1148,27-08-2026
4,SIM-2026-1149,27-08-2026
1,SIM-2026-1151,27-08-2026
1,SIM-2026-1152,27-08-2026
1,SIM-2025-1153,27-08-2026
1,SIM-2025-1156,27-08-2026
5,SIM-2025-1159,27-08-2026
5,SIM-2025-1162,27-08-2026
1,SIM-2025-1163,27-08-2026
1,SIM-2026-1164,27-08-2026
5,SIM-2026-1165,27-08-2026
1,SIM-2025-1167,27-08-2026
2,SIM-2025-1168,27-08-2026
1,SIM-2025-1169,27-08-2026
2,SIM-2025-1170,27-08-2026
4,SIM-2026-1171,27-08-2026
2,SIM-2026-1172,27-08-2026
1,SIM-2025-1174,27-08-2026
1,SIM-2024-1175,27-08-2026
4,SIM-2025-1176,27-08-2026
4,SIM-2025-1177,27-08-2026
1,SIM-2026-1179,27-08-2026
2,SIM-2026-1180,27-08-2026
1,SIM-2025-1182,27-08-2026
1,SIM-2025-1184,27-08-2026
2,SIM-2026-1185,27-08-2026
4,SIM-2026-1186,27-08-2026
1,SIM-2023-1187,27-08-2026
6,SIM-2026-1190,27-08-2026
2,SIM-2024-1192,27-08-2026
4,SIM-2025-1194,27-08-2026
6,SIM-2026-1195,27-08-2026
2,SIM-2025-1196,27-08-2026
4,SIM-2025-1197,27-08-2026
1,SIM-2025-1198,27-08-2026
6,SIM-2025-1200,27-08-2026
1,SIM-2025-1201,27-08-2026
2,SIM-2026-1203,27-08-2026
1,SIM-2026-1204,27-08-2026
4,SIM-2026-1205,27-08-2026
3,SIM-2026-1206,27-08-2026
4,SIM-2025-1207,27-08-2026
6,SIM-2025-1208,27-08-2026
5,SIM-2025-1210,27-08-2026
2,SIM-2025-1212,27-08-2026
5,SIM-2026-1216,27-08-2026
1,SIM-2025-1220,27-08-2026
3,SIM-2025-1222,27-08-2026
1,SIM-2025-1224,27-08-2026
6,SIM-2026-1226,27-08-2026
1,SIM-2026-1227,27-08-2026
3,SIM-2026-1232,27-08-2026
1,SIM-2025-1234,27-08-2026
1,SIM-2026-1235,27-08-2026
1,SIM-2025-1236,27-08-2026
2,SIM-2025-1237,27-08-2026
2,SIM-2025-1239,27-08-2026
4,SIM-2025-1240,27-08-2026
1,SIM-2026-1241,27-08-2026
1,SIM-2026-1244,27-08-2026
1,SIM-2025-1246,27-08-2026
1,SIM-2025-1247,27-08-2026
1,SIM-2026-1249,27-08-2026
1,SIM-2025-1250,27-08-2026
3,SIM-2026-1251,27-08-2026
2,SIM-2026-1252,27-08-2026
1,SIM-2025-1254,27-08-2026
2,SIM-2026-1255,27-08-2026
1,SIM-2023-1257,27-08-2026
1,SIM-2026-1258,27-08-2026
2,SIM-2026-1259,27-08-2026
2,SIM-2026-1260,27-08-2026
1,SIM-2025-1262,27-08-2026
4,SIM-2026-1263,27-08-2026
2,SIM-2025-1264,27-08-2026
1,SIM-2024-1266,27-08-2026
5,SIM-2024-1267,27-08-2026
3,SIM-2026-1269,27-08-2026
1,SIM-2026-1271,27-08-2026
6,SIM-2026-1273,27-08-2026
2,SIM-2026-1275,27-08-2026
6,SIM-2025-1276,27-08-2026
2,SIM-2025-1278,27-08-2026
1,SIM-2026-1280,27-08-2026
2,SIM-2026-1281,27-08-2026
1,SIM-2025-1283,27-08-2026
3,SIM-2023-1284,27-08-2026
3,SIM-2025-1285,27-08-2026
1,SIM-2026-1286,27-08-2026
4,SIM-2025-1287,27-08-2026
1,SIM-2025-1288,27-08-2026
1,SIM-2026-1293,27-08-2026
3,SIM-2026-1295,27-08-2026
2,SIM-2023-1297,27-08-2026
1,SIM-2025-1300,27-08-2026
3,SIM-2025-1301,27-08-2026
1,SIM-2026-1303,27-08-2026
1,SIM-2025-1305,27-08-2026
2,SIM-2025-1306,27-08-2026
6,SIM-2025-1308,27-08-2026
1,SIM-2026-1309,27-08-2026
1,SIM-2026-1310,27-08-2026
1,SIM-2026-1311,27-08-2026
1,SIM-2025-1312,27-08-2026
6,SIM-2026-1314,27-08-2026
2,SIM-2026-1316,27-08-2026
2,SIM-2026-1318,27-08-2026
1,SIM-2026-1319,27-08-2026
1,SIM-2023-1320,27-08-2026
1,SIM-2026-1321,27-08-2026
2,SIM-2025-1322,27-08-2026
2,SIM-2025-1323,27-08-2026
4,SIM-2025-1324,27-08-2026
5,SIM-2025-1326,27-08-2026
1,SIM-2025-1328,27-08-2026
1,SIM-2026-1329,27-08-2026
1,SIM-2025-1330,27-08-2026
3,SIM-2025-1332,27-08-2026
3,SIM-2025-1333,27-08-2026
4,SIM-2025-1335,27-08-2026
1,SIM-2025-1337,27-08-2026
4,SIM-2026-1339,27-08-2026
4,SIM-2026-1340,27-08-2026
2,SIM-2025-1342,27-08-2026
6,SIM-2026-1345,27-08-2026
3,SIM-2025-1346,27-08-2026
2,SIM-2026-1347,27-08-2026
1,SIM-2025-1350,27-08-2026
1,SIM-2025-1351,27-08-2026
1,SIM-2026-1352,27-08-2026
5,SIM-2025-1354,27-08-2026
6,SIM-2025-1356,27-08-2026
3,SIM-2026-1357,27-08-2026
1,SIM-2025-1358,27-08-2026
1,SIM-2025-1359,27-08-2026
1,SIM-2026-1361,27-08-2026
1,SIM-2025-1362,27-08-2026
4,SIM-2026-1363,27-08-2026
1,SIM-2026-1364,27-08-2026
6,SIM-2026-1365,27-08-2026
1,SIM-2025-1367,27-08-2026
5,SIM-2026-1369,27-08-2026
1,SIM-2026-1370,27-08-2026
1,SIM-2025-1371,27-08-2026
3,SIM-2026-1372,27-08-2026
1,SIM-2025-1373,27-08-2026
4,SIM-2025-1374,27-08-2026
1,SIM-2024-1377,27-08-2026
4,SIM-2025-1379,27-08-2026
6,SIM-2025-1381,27-08-2026
3,SIM-2026-1383,27-08-2026
4,SIM-2026-1386,27-08-2026
4,SIM-2026-1387,27-08-2026
3,SIM-2025-1388,27-08-2026
5,SIM-2026-1389,27-08-2026
5,SIM-2026-1390,27-08-2026
1,SIM-2026-1391,27-08-2026
4,SIM-2024-1392,27-08-2026
3,SIM-2026-1393,27-08-2026
1,SIM-2025-1396,27-08-2026
3,SIM-2026-1397,27-08-2026
6,SIM-2026-1398,27-08-2026
6,SIM-2026-1400,27-08-2026
4,SIM-2025-1401,27-08-2026
1,SIM-2025-1402,27-08-2026
6,SIM-2026-1403,27-08-2026
1,SIM-2025-1404,27-08-2026
6,SIM-2026-1406,27-08-2026
2,SIM-2025-1408,27-08-2026
6,SIM-2026-1409,27-08-2026
1,SIM-2023-1410,27-08-2026
1,SIM-2025-1411,27-08-2026
1,SIM-2026-1414,27-08-2026
1,SIM-2026-1415,27-08-2026
1,SIM-2025-1416,27-08-2026
5,SIM-2026-1417,27-08-2026
4,SIM-2025-1418,27-08-2026
2,SIM-2026-1420,27-08-2026
6,SIM-2025-1421,27-08-2026
5,SIM-2026-1422,27-08-2026
5,SIM-2026-1424,27-08-2026
1,SIM-2024-1425,27-08-2026
3,SIM-2026-1428,27-08-2026
1,SIM-2025-1429,27-08-2026
4,SIM-2026-1430,27-08-2026
5,SIM-2024-1431,27-08-2026
1,SIM-2026-1432,27-08-2026
5,SIM-2026-1433,27-08-2026
3,SIM-2025-1434,27-08-2026
3,SIM-2026-1435,27-08-2026
1,SIM-2026-1436,27-08-2026
2,SIM-2025-1438,27-08-2026
4,SIM-2026-1439,27-08-2026
2,SIM-2026-1443,27-08-2026
1,SIM-2026-1446,27-08-2026
2,SIM-2026-1448,27-08-2026
4,SIM-2026-1450,27-08-2026
2,SIM-2026-1453,27-08-2026
1,SIM-2026-1457,27-08-2026
1,SIM-2026-1459,27-08-2026
3,SIM-2025-1460,27-08-2026
4,SIM-2025-1462,27-08-2026
3,SIM-2026-1463,27-08-2026
2,SIM-2026-1464,27-08-2026
1,SIM-2026-1465,27-08-2026
1,SIM-2025-1467,27-08-2026
3,SIM-2025-1468,27-08-2026
1,SIM-2026-1469,27-08-2026
1,SIM-2026-1470,27-08-2026
2,SIM-2026-1471,27-08-2026
1,SIM-2026-1475,27-08-2026
1,SIM-2026-1476,27-08-2026
3,SIM-2025-1477,27-08-2026
1,SIM-2025-1478,27-08-2026
5,SIM-2026-1480,27-08-2026
5,SIM-2026-1483,27-08-2026
1,SIM-2026-1485,27-08-2026
3,SIM-2025-1486,27-08-2026
3,SIM-2026-1487,27-08-2026
1,SIM-2025-1490,27-08-2026
1,SIM-2026-1491,27-08-2026
1,SIM-2026-1492,27-08-2026
1,SIM-2026-1493,27-08-2026
2,SIM-2025-1494,27-08-2026
3,SIM-2026-1495,27-08-2026
1,SIM-2025-1496,27-08-2026
4,SIM-2026-1497,27-08-2026
5,SIM-2026-1498,27-08-2026
3,SIM-2026-1499,27-08-2026
