vivienda_id,tecnico_id,fecha,tipo,avance_verificado,estado_relevado,observacion,diferencia_ong
SIM-2026-0002,2,27-08-2026,primera,28,Iniciada,,6
SIM-2025-0003,2,27-08-2026,primera,5,Iniciada,Sin actividad registrada en visita.,12
SIM-2025-0003,2,27-08-2026,segunda,19,Iniciada,,-2
SIM-2026-0004,6,27-08-2026,primera,0,Iniciada,Equipo de trabajo reducido.,11
SIM-2026-0004,6,27-08-2026,segunda,2,Iniciada,,0
SIM-2026-0011,1,27-08-2026,primera,19,Iniciada,Equipo de trabajo reducido.,6
SIM-2026-0011,1,27-08-2026,segunda,25,Iniciada,Equipo de trabajo reducido.,0
SIM-2025-0013,1,27-08-2026,primera,38,Avanzada,Se verificó avance conforme al cronograma.,-2
SIM-2025-0013,1,27-08-2026,segunda,38,Avanzada,,-1
SIM-2025-0016,1,27-08-2026,primera,68,Avanzada,,11
SIM-2025-0018,1,27-08-2026,primera,11,Iniciada,,-7
SIM-2026-0021,4,27-08-2026,primera,10,Iniciada,,-8
SIM-2025-0023,2,27-08-2026,primera,9,Iniciada,Terreno con problemas de acceso.,-6
SIM-2025-0023,2,27-08-2026,segunda,9,Iniciada,,-1
SIM-2025-0024,2,27-08-2026,primera,33,Iniciada,Se verificó avance conforme al cronograma.,-6
SIM-2024-0026,4,27-08-2026,primera,0,Iniciada,Equipo de trabajo reducido.,7
SIM-2024-0026,4,27-08-2026,segunda,6,Iniciada,,-2
SIM-2025-0027,1,27-08-2026,primera,75,Avanzada,Obra próxima a finalizar.,-4
SIM-2025-0027,1,27-08-2026,segunda,75,Avanzada,Calidad de construcción satisfactoria.,8
SIM-2026-0028,1,27-08-2026,primera,0,Iniciada,,14
SIM-2026-0033,1,27-08-2026,primera,78,Avanzada,,-4
SIM-2026-0033,1,27-08-2026,segunda,78,Avanzada,"Terminaciones en curso, sin observaciones.",-4
SIM-2026-0034,2,27-08-2026,primera,0,Iniciada,Obra paralizada por falta de materiales.,7
SIM-2026-0037,2,27-08-2026,primera,32,Iniciada,,6
SIM-2026-0037,2,27-08-2026,segunda,43,Avanzada,,-5
SIM-2025-0048,3,27-08-2026,primera,78,Avanzada,,-4
SIM-2023-0053,2,27-08-2026,primera,0,Iniciada,Terreno con problemas de acceso.,13
SIM-2023-0053,2,27-08-2026,segunda,6,Iniciada,Sin actividad registrada en visita.,-3
SIM-2025-0055,5,27-08-2026,primera,59,Avanzada,Obra en progreso normal.,10
SIM-2025-0056,1,27-08-2026,primera,0,Iniciada,Obra paralizada por falta de materiales.,8
SIM-2025-0056,1,27-08-2026,segunda,5,Iniciada,Equipo de trabajo reducido.,0
SIM-2025-0058,1,27-08-2026,primera,72,Avanzada,"Terminaciones en curso, sin observaciones.",0
SIM-2025-0058,1,27-08-2026,segunda,72,Avanzada,,3
SIM-2025-0060,1,27-08-2026,primera,40,Avanzada,,6
SIM-2025-0060,1,27-08-2026,segunda,50,Avanzada,"Materiales en obra, trabajo activo.",-4
SIM-2026-0061,6,27-08-2026,primera,5,Iniciada,Sin actividad registrada en visita.,10
SIM-2026-0061,6,27-08-2026,segunda,5,Iniciada,Obra paralizada por falta de materiales.,10
SIM-2026-0062,1,27-08-2026,primera,17,Iniciada,,0
SIM-2026-0062,1,27-08-2026,segunda,17,Iniciada,Terreno con problemas de acceso.,8
SIM-2026-0063,3,27-08-2026,primera,66,Avanzada,,3
SIM-2025-0064,6,27-08-2026,primera,13,Iniciada,Sin actividad registrada en visita.,0
SIM-2026-0065,1,27-08-2026,primera,33,Iniciada,,13
SIM-2026-0070,2,27-08-2026,primera,55,Avanzada,,-4
SIM-2026-0070,2,27-08-2026,segunda,55,Avanzada,Obra en progreso normal.,-3
SIM-2026-0071,5,27-08-2026,primera,6,Iniciada,,-1
SIM-2025-0072,1,27-08-2026,primera,66,Avanzada,,-8
SIM-2025-0072,1,27-08-2026,segunda,66,Avanzada,"Materiales en obra, trabajo activo.",-3
SIM-2026-0075,4,27-08-2026,primera,46,Avanzada,,2
SIM-2026-0075,4,27-08-2026,segunda,50,Avanzada,Obra en progreso normal.,-2
SIM-2026-0077,1,27-08-2026,primera,24,Iniciada,,15
SIM-2026-0077,1,27-08-2026,segunda,42,Avanzada,"Materiales en obra, trabajo activo.",-3
SIM-2025-0083,3,27-08-2026,primera,37,Avanzada,,-7
SIM-2026-0085,1,27-08-2026,primera,21,Iniciada,Equipo de trabajo reducido.,-2
SIM-2025-0087,1,27-08-2026,primera,55,Avanzada,Se verificó avance conforme al cronograma.,14
SIM-2026-0092,1,27-08-2026,primera,10,Iniciada,Equipo de trabajo reducido.,8
SIM-2025-0094,1,27-08-2026,primera,10,Iniciada,,9
SIM-2025-0094,1,27-08-2026,segunda,21,Iniciada,,-2
SIM-2025-0095,4,27-08-2026,primera,53,Avanzada,,-3
SIM-2025-0096,1,27-08-2026,primera,58,Avanzada,,4
SIM-2025-0096,1,27-08-2026,segunda,58,Avanzada,,8
SIM-2025-0097,1,27-08-2026,primera,4,Iniciada,Terreno con problemas de acceso.,5
SIM-2025-0098,1,27-08-2026,primera,3,Iniciada,,12
SIM-2025-0099,4,27-08-2026,primera,81,Avanzada,Obra próxima a finalizar.,-3
SIM-2025-0099,4,27-08-2026,segunda,82,Avanzada,,-4
SIM-2025-0101,5,27-08-2026,primera,43,Avanzada,"Materiales en obra, trabajo activo.",14
SIM-2026-0102,1,27-08-2026,primera,28,Iniciada,,3
SIM-2026-0106,4,27-08-2026,primera,14,Iniciada,,15
SIM-2026-0106,4,27-08-2026,segunda,19,Iniciada,Terreno con problemas de acceso.,10
SIM-2025-0108,1,27-08-2026,primera,39,Avanzada,"Materiales en obra, trabajo activo.",15
SIM-2025-0108,1,27-08-2026,segunda,48,Avanzada,Se verificó avance conforme al cronograma.,6
SIM-2025-0109,2,27-08-2026,primera,27,Iniciada,Sin actividad registrada en visita.,4
SIM-2026-0110,4,27-08-2026,primera,4,Iniciada,Obra paralizada por falta de materiales.,4
SIM-2025-0112,1,27-08-2026,primera,64,Avanzada,,4
SIM-2026-0115,1,27-08-2026,primera,84,Avanzada,Calidad de construcción satisfactoria.,-8
SIM-2025-0116,2,27-08-2026,primera,80,Avanzada,Obra próxima a finalizar.,-3
SIM-2025-0116,2,27-08-2026,segunda,80,Avanzada,Obra próxima a finalizar.,-1
SIM-2024-0118,1,27-08-2026,primera,39,Avanzada,"Materiales en obra, trabajo activo.",4
SIM-2024-0118,1,27-08-2026,segunda,42,Avanzada,"Materiales en obra, trabajo activo.",1
SIM-2025-0120,2,27-08-2026,primera,78,Avanzada,,5
SIM-2025-0120,2,27-08-2026,segunda,87,Avanzada,Obra próxima a finalizar.,-4
SIM-2025-0121,1,27-08-2026,primera,65,Avanzada,,2
SIM-2025-0125,1,27-08-2026,primera,15,Iniciada,,8
SIM-2025-0127,5,27-08-2026,primera,36,Avanzada,,-8
SIM-2025-0128,1,27-08-2026,primera,23,Iniciada,,1
SIM-2025-0128,1,27-08-2026,segunda,26,Iniciada,,-2
SIM-2026-0130,1,27-08-2026,primera,25,Iniciada,,2
SIM-2026-0134,1,27-08-2026,primera,64,Avanzada,Se verificó avance conforme al cronograma.,7
SIM-2026-0134,1,27-08-2026,segunda,69,Avanzada,Se verificó avance conforme al cronograma.,2
SIM-2025-0135,6,27-08-2026,primera,61,Avanzada,,2
SIM-2025-0138,2,27-08-2026,primera,91,Avanzada,,0
SIM-2026-0141,3,27-08-2026,primera,17,Iniciada,,-2
SIM-2025-0142,1,27-08-2026,primera,4,Iniciada,,10
SIM-2025-0142,1,27-08-2026,segunda,12,Iniciada,,2
SIM-2025-0145,4,27-08-2026,primera,15,Iniciada,Obra paralizada por falta de materiales.,10
SIM-2025-0145,4,27-08-2026,segunda,27,Iniciada,Equipo de trabajo reducido.,-2
SIM-2025-0146,1,27-08-2026,primera,28,Iniciada,,-6
SIM-2025-0146,1,27-08-2026,segunda,28,Iniciada,Sin actividad registrada en visita.,3
SIM-2026-0147,6,27-08-2026,primera,17,Iniciada,,0
SIM-2026-0147,6,27-08-2026,segunda,21,Iniciada,Equipo de trabajo reducido.,-4
SIM-2026-0149,1,27-08-2026,primera,56,Avanzada,"Materiales en obra, trabajo activo.",2
SIM-2026-0149,1,27-08-2026,segunda,59,Avanzada,,-1
SIM-2026-0152,1,27-08-2026,primera,3,Iniciada,,2
SIM-2026-0152,1,27-08-2026,segunda,4,Iniciada,,1
SIM-2025-0153,1,27-08-2026,primera,59,Avanzada,Obra en progreso normal.,-5
SIM-2025-0159,6,27-08-2026,primera,25,Iniciada,Sin actividad registrada en visita.,8
SIM-2025-0159,6,27-08-2026,segunda,38,Avanzada,Obra en progreso normal.,-5
SIM-2025-0160,1,27-08-2026,primera,19,Iniciada,Sin actividad registrada en visita.,-8
SIM-2025-0160,1,27-08-2026,segunda,19,Iniciada,,9
SIM-2026-0164,1,27-08-2026,primera,0,Iniciada,,4
SIM-2026-0164,1,27-08-2026,segunda,0,Iniciada,Terreno con problemas de acceso.,5
SIM-2025-0165,2,27-08-2026,primera,60,Avanzada,,-2
SIM-2026-0166,1,27-08-2026,primera,46,Avanzada,Obra en progreso normal.,-4
SIM-2026-0166,1,27-08-2026,segunda,46,Avanzada,,5
SIM-2025-0167,1,27-08-2026,primera,71,Avanzada,,2
SIM-2025-0167,1,27-08-2026,segunda,78,Avanzada,,-5
SIM-2026-0169,1,27-08-2026,primera,63,Avanzada,"Materiales en obra, trabajo activo.",4
SIM-2026-0170,3,27-08-2026,primera,4,Iniciada,Obra paralizada por falta de materiales.,1
SIM-2025-0171,3,27-08-2026,primera,54,Avanzada,,14
SIM-2026-0175,6,27-08-2026,primera,60,Avanzada,,-5
SIM-2026-0176,1,27-08-2026,primera,18,Iniciada,,3
SIM-2026-0176,1,27-08-2026,segunda,18,Iniciada,Obra paralizada por falta de materiales.,8
SIM-2026-0177,2,27-08-2026,primera,38,Avanzada,Se verificó avance conforme al cronograma.,9
SIM-2026-0179,1,27-08-2026,primera,14,Iniciada,,-4
SIM-2026-0179,1,27-08-2026,segunda,14,Iniciada,Obra paralizada por falta de materiales.,1
SIM-2026-0182,1,27-08-2026,primera,10,Iniciada,Obra paralizada por falta de materiales.,-1
SIM-2026-0182,1,27-08-2026,segunda,10,Iniciada,Obra paralizada por falta de materiales.,2
SIM-2024-0187,5,27-08-2026,primera,13,Iniciada,,-1
SIM-2025-0188,2,27-08-2026,primera,3,Iniciada,Sin actividad registrada en visita.,2
SIM-2025-0188,2,27-08-2026,segunda,3,Iniciada,Sin actividad registrada en visita.,4
SIM-2025-0189,2,27-08-2026,primera,13,Iniciada,Obra paralizada por falta de materiales.,-7
SIM-2025-0189,2,27-08-2026,segunda,13,Iniciada,Obra paralizada por falta de materiales.,10
SIM-2025-0192,1,27-08-2026,primera,16,Iniciada,Equipo de trabajo reducido.,-3
SIM-2025-0192,1,27-08-2026,segunda,16,Iniciada,Terreno con problemas de acceso.,4
SIM-2026-0193,1,27-08-2026,primera,81,Avanzada,,-3
SIM-2025-0195,3,27-08-2026,primera,81,Avanzada,"Terminaciones en curso, sin observaciones.",-2
SIM-2025-0196,1,27-08-2026,primera,0,Iniciada,Sin actividad registrada en visita.,6
SIM-2025-0196,1,27-08-2026,segunda,5,Iniciada,Obra paralizada por falta de materiales.,-2
SIM-2026-0197,4,27-08-2026,primera,34,Iniciada,"Materiales en obra, trabajo activo.",-2
SIM-2026-0200,1,27-08-2026,primera,73,Avanzada,,14
SIM-2026-0205,1,27-08-2026,primera,14,Iniciada,,-7
SIM-2026-0205,1,27-08-2026,segunda,14,Iniciada,Obra paralizada por falta de materiales.,3
SIM-2025-0206,4,27-08-2026,primera,34,Iniciada,,-2
SIM-2025-0207,3,27-08-2026,primera,54,Avanzada,Se verificó avance conforme al cronograma.,15
SIM-2025-0210,1,27-08-2026,primera,33,Iniciada,,-3
SIM-2025-0210,1,27-08-2026,segunda,33,Iniciada,,4
SIM-2026-0211,1,27-08-2026,primera,12,Iniciada,Obra paralizada por falta de materiales.,-1
SIM-2025-0212,1,27-08-2026,primera,64,Avanzada,Obra en progreso normal.,11
SIM-2025-0214,1,27-08-2026,primera,66,Avanzada,,4
SIM-2023-0216,3,27-08-2026,primera,9,Iniciada,Equipo de trabajo reducido.,3
SIM-2026-0217,4,27-08-2026,primera,36,Avanzada,Se verificó avance conforme al cronograma.,3
SIM-2025-0218,1,27-08-2026,primera,53,Avanzada,,-7
SIM-2025-0218,1,27-08-2026,segunda,53,Avanzada,Obra en progreso normal.,3
SIM-2026-0220,3,27-08-2026,primera,0,Iniciada,,12
SIM-2026-0221,5,27-08-2026,primera,64,Avanzada,Obra en progreso normal.,7
SIM-2025-0222,3,27-08-2026,primera,33,Iniciada,,10
SIM-2026-0223,1,27-08-2026,primera,1,Iniciada,Equipo de trabajo reducido.,10
SIM-2026-0223,1,27-08-2026,segunda,4,Iniciada,,7
SIM-2025-0224,1,27-08-2026,primera,18,Iniciada,Sin actividad registrada en visita.,7
SIM-2025-0224,1,27-08-2026,segunda,30,Iniciada,,-5
SIM-2025-0225,1,27-08-2026,primera,42,Avanzada,,-6
SIM-2026-0228,4,27-08-2026,primera,8,Iniciada,Terreno con problemas de acceso.,15
SIM-2026-0228,4,27-08-2026,segunda,20,Iniciada,,3
SIM-2026-0229,3,27-08-2026,primera,60,Avanzada,Obra en progreso normal.,14
SIM-2026-0231,3,27-08-2026,primera,21,Iniciada,,10
SIM-2025-0233,1,27-08-2026,primera,17,Iniciada,,-1
SIM-2026-0234,6,27-08-2026,primera,83,Avanzada,,-6
SIM-2026-0234,6,27-08-2026,segunda,83,Avanzada,,10
SIM-2026-0235,5,27-08-2026,primera,75,Avanzada,,3
SIM-2026-0236,4,27-08-2026,primera,53,Avanzada,Obra en progreso normal.,12
SIM-2026-0237,1,27-08-2026,primera,40,Avanzada,,3
SIM-2026-0237,1,27-08-2026,segunda,40,Avanzada,,10
SIM-2026-0239,1,27-08-2026,primera,33,Iniciada,Se verificó avance conforme al cronograma.,5
SIM-2026-0240,1,27-08-2026,primera,17,Iniciada,,3
SIM-2026-0240,1,27-08-2026,segunda,20,Iniciada,,0
SIM-2026-0241,1,27-08-2026,primera,0,Iniciada,Terreno con problemas de acceso.,12
SIM-2026-0241,1,27-08-2026,segunda,11,Iniciada,,0
SIM-2026-0243,1,27-08-2026,primera,11,Iniciada,,-2
SIM-2026-0243,1,27-08-2026,segunda,11,Iniciada,,8
SIM-2025-0246,2,27-08-2026,primera,49,Avanzada,Obra en progreso normal.,8
SIM-2025-0246,2,27-08-2026,segunda,57,Avanzada,,0
SIM-2025-0251,1,27-08-2026,primera,14,Iniciada,Terreno con problemas de acceso.,7
SIM-2025-0251,1,27-08-2026,segunda,14,Iniciada,,7
SIM-2025-0253,4,27-08-2026,primera,91,Avanzada,,-1
SIM-2025-0256,1,27-08-2026,primera,58,Avanzada,"Materiales en obra, trabajo activo.",-5
SIM-2025-0256,1,27-08-2026,segunda,58,Avanzada,,1
SIM-2024-0261,4,27-08-2026,primera,85,Avanzada,,-6
SIM-2024-0261,4,27-08-2026,segunda,85,Avanzada,Obra próxima a finalizar.,7
SIM-2025-0264,1,27-08-2026,primera,91,Avanzada,Obra próxima a finalizar.,-2
SIM-2025-0264,1,27-08-2026,segunda,91,Avanzada,Calidad de construcción satisfactoria.,1
SIM-2026-0266,6,27-08-2026,primera,9,Iniciada,Obra paralizada por falta de materiales.,0
SIM-2026-0266,6,27-08-2026,segunda,9,Iniciada,,6
SIM-2026-0267,1,27-08-2026,primera,0,Iniciada,Sin actividad registrada en visita.,11
SIM-2026-0267,1,27-08-2026,segunda,1,Iniciada,Sin actividad registrada en visita.,4
SIM-2026-0268,2,27-08-2026,primera,64,Avanzada,Se verificó avance conforme al cronograma.,10
SIM-2025-0269,1,27-08-2026,primera,48,Avanzada,"Materiales en obra, trabajo activo.",3
SIM-2025-0269,1,27-08-2026,segunda,48,Avanzada,,7
SIM-2025-0271,6,27-08-2026,primera,55,Avanzada,,10
SIM-2025-0271,6,27-08-2026,segunda,55,Avanzada,,10
SIM-2025-0274,1,27-08-2026,primera,44,Avanzada,,7
SIM-2025-0274,1,27-08-2026,segunda,48,Avanzada,,3
SIM-2023-0275,1,27-08-2026,primera,63,Avanzada,,15
SIM-2026-0277,3,27-08-2026,primera,26,Iniciada,,4
SIM-2025-0280,1,27-08-2026,primera,13,Iniciada,,1
SIM-2026-0285,1,27-08-2026,primera,63,Avanzada,"Materiales en obra, trabajo activo.",13
SIM-2025-0289,1,27-08-2026,primera,65,Avanzada,Se verificó avance conforme al cronograma.,8
SIM-2025-0290,1,27-08-2026,primera,0,Iniciada,,9
SIM-2025-0290,1,27-08-2026,segunda,10,Iniciada,,-2
SIM-2025-0291,2,27-08-2026,primera,10,Iniciada,Equipo de trabajo reducido.,6
SIM-2025-0291,2,27-08-2026,segunda,11,Iniciada,Equipo de trabajo reducido.,5
SIM-2025-0294,1,27-08-2026,primera,3,Iniciada,Obra paralizada por falta de materiales.,7
SIM-2025-0294,1,27-08-2026,segunda,10,Iniciada,,0
SIM-2026-0296,3,27-08-2026,primera,18,Iniciada,Sin actividad registrada en visita.,-3
SIM-2026-0299,4,27-08-2026,primera,58,Avanzada,,14
SIM-2026-0299,4,27-08-2026,segunda,72,Avanzada,Calidad de construcción satisfactoria.,0
SIM-2025-0305,1,27-08-2026,primera,97,Avanzada,"Terminaciones en curso, sin observaciones.",-8
SIM-2025-0308,1,27-08-2026,primera,0,Iniciada,,14
SIM-2026-0309,1,27-08-2026,primera,33,Iniciada,Obra en progreso normal.,-5
SIM-2026-0309,1,27-08-2026,segunda,33,Iniciada,Obra en progreso normal.,8
SIM-2026-0311,5,27-08-2026,primera,0,Iniciada,Sin actividad registrada en visita.,13
SIM-2026-0312,3,27-08-2026,primera,13,Iniciada,Equipo de trabajo reducido.,-4
SIM-2026-0312,3,27-08-2026,segunda,13,Iniciada,,0
SIM-2026-0314,1,27-08-2026,primera,65,Avanzada,Se verificó avance conforme al cronograma.,9
SIM-2026-0314,1,27-08-2026,segunda,74,Avanzada,,0
SIM-2025-0315,4,27-08-2026,primera,22,Iniciada,Equipo de trabajo reducido.,-7
SIM-2025-0315,4,27-08-2026,segunda,22,Iniciada,Obra paralizada por falta de materiales.,7
SIM-2025-0316,1,27-08-2026,primera,19,Iniciada,Terreno con problemas de acceso.,-8
SIM-2025-0316,1,27-08-2026,segunda,19,Iniciada,Equipo de trabajo reducido.,-5
SIM-2025-0317,4,27-08-2026,primera,57,Avanzada,,-1
SIM-2026-0318,1,27-08-2026,primera,25,Iniciada,Equipo de trabajo reducido.,7
SIM-2026-0318,1,27-08-2026,segunda,25,Iniciada,,7
SIM-2026-0325,1,27-08-2026,primera,69,Avanzada,Obra en progreso normal.,-6
SIM-2026-0326,4,27-08-2026,primera,8,Iniciada,Obra paralizada por falta de materiales.,-6
SIM-2025-0327,1,27-08-2026,primera,71,Avanzada,,5
SIM-2025-0327,1,27-08-2026,segunda,74,Avanzada,,2
SIM-2026-0328,1,27-08-2026,primera,50,Avanzada,Se verificó avance conforme al cronograma.,5
SIM-2025-0329,3,27-08-2026,primera,16,Iniciada,,13
SIM-2023-0330,5,27-08-2026,primera,15,Iniciada,,-1
SIM-2026-0331,4,27-08-2026,primera,13,Iniciada,,8
SIM-2026-0334,1,27-08-2026,primera,0,Iniciada,,11
SIM-2026-0334,1,27-08-2026,segunda,14,Iniciada,Obra paralizada por falta de materiales.,-3
SIM-2025-0337,1,27-08-2026,primera,0,Iniciada,Equipo de trabajo reducido.,9
SIM-2025-0338,2,27-08-2026,primera,9,Iniciada,Sin actividad registrada en visita.,0
SIM-2026-0341,1,27-08-2026,primera,73,Avanzada,,9
SIM-2025-0343,6,27-08-2026,primera,17,Iniciada,,7
SIM-2025-0343,6,27-08-2026,segunda,25,Iniciada,Obra paralizada por falta de materiales.,-1
SIM-2026-0350,1,27-08-2026,primera,47,Avanzada,,11
SIM-2026-0350,1,27-08-2026,segunda,55,Avanzada,,3
SIM-2026-0351,6,27-08-2026,primera,86,Avanzada,,11
SIM-2026-0351,6,27-08-2026,segunda,92,Avanzada,,5
SIM-2023-0352,1,27-08-2026,primera,35,Iniciada,,3
SIM-2023-0352,1,27-08-2026,segunda,35,Iniciada,,5
SIM-2025-0355,1,27-08-2026,primera,11,Iniciada,,0
SIM-2025-0358,1,27-08-2026,primera,10,Iniciada,,11
SIM-2025-0358,1,27-08-2026,segunda,17,Iniciada,Terreno con problemas de acceso.,4
SIM-2026-0359,1,27-08-2026,primera,15,Iniciada,Sin actividad registrada en visita.,9
SIM-2026-0359,1,27-08-2026,segunda,24,Iniciada,Terreno con problemas de acceso.,0
SIM-2026-0363,6,27-08-2026,primera,0,Iniciada,,12
SIM-2026-0363,6,27-08-2026,segunda,2,Iniciada,Sin actividad registrada en visita.,10
SIM-2026-0366,1,27-08-2026,primera,15,Iniciada,Terreno con problemas de acceso.,10
SIM-2026-0366,1,27-08-2026,segunda,28,Iniciada,Sin actividad registrada en visita.,-3
SIM-2023-0370,2,27-08-2026,primera,16,Iniciada,,-2
SIM-2023-0370,2,27-08-2026,segunda,16,Iniciada,Terreno con problemas de acceso.,10
SIM-2026-0371,6,27-08-2026,primera,33,Iniciada,Obra en progreso normal.,5
SIM-2026-0374,2,27-08-2026,primera,1,Iniciada,Obra paralizada por falta de materiales.,5
SIM-2026-0374,2,27-08-2026,segunda,8,Iniciada,Obra paralizada por falta de materiales.,-2
SIM-2024-0375,5,27-08-2026,primera,17,Iniciada,Terreno con problemas de acceso.,-6
SIM-2026-0380,3,27-08-2026,primera,0,Iniciada,,15
SIM-2026-0383,5,27-08-2026,primera,39,Avanzada,,2
SIM-2026-0384,2,27-08-2026,primera,14,Iniciada,Terreno con problemas de acceso.,-1
SIM-2026-0385,2,27-08-2026,primera,12,Iniciada,Terreno con problemas de acceso.,-1
SIM-2026-0387,1,27-08-2026,primera,64,Avanzada,"Materiales en obra, trabajo activo.",4
SIM-2026-0387,1,27-08-2026,segunda,68,Avanzada,"Materiales en obra, trabajo activo.",0
SIM-2025-0389,1,27-08-2026,primera,99,Avanzada,,0
SIM-2025-0389,1,27-08-2026,segunda,99,Avanzada,,2
SIM-2026-0390,2,27-08-2026,primera,20,Iniciada,,6
SIM-2026-0392,1,27-08-2026,primera,26,Iniciada,Terreno con problemas de acceso.,-8
SIM-2026-0392,1,27-08-2026,segunda,26,Iniciada,Equipo de trabajo reducido.,7
SIM-2026-0395,4,27-08-2026,primera,54,Avanzada,Se verificó avance conforme al cronograma.,-6
SIM-2026-0395,4,27-08-2026,segunda,54,Avanzada,,7
SIM-2026-0398,1,27-08-2026,primera,35,Iniciada,"Materiales en obra, trabajo activo.",0
SIM-2026-0398,1,27-08-2026,segunda,35,Iniciada,Se verificó avance conforme al cronograma.,5
SIM-2025-0399,2,27-08-2026,primera,55,Avanzada,,4
SIM-2026-0400,6,27-08-2026,primera,44,Avanzada,"Materiales en obra, trabajo activo.",14
SIM-2026-0401,1,27-08-2026,primera,61,Avanzada,Se verificó avance conforme al cronograma.,4
SIM-2026-0401,1,27-08-2026,segunda,62,Avanzada,Se verificó avance conforme al cronograma.,3
SIM-2025-0406,2,27-08-2026,primera,1,Iniciada,,7
SIM-2026-0412,1,27-08-2026,primera,3,Iniciada,,14
SIM-2026-0412,1,27-08-2026,segunda,11,Iniciada,Obra paralizada por falta de materiales.,6
SIM-2026-0413,2,27-08-2026,primera,15,Iniciada,Sin actividad registrada en visita.,15
SIM-2026-0413,2,27-08-2026,segunda,27,Iniciada,Terreno con problemas de acceso.,3
SIM-2026-0414,5,27-08-2026,primera,6,Iniciada,Equipo de trabajo reducido.,0
SIM-2025-0415,1,27-08-2026,primera,3,Iniciada,,8
SIM-2025-0417,4,27-08-2026,primera,62,Avanzada,Obra en progreso normal.,4
SIM-2025-0417,4,27-08-2026,segunda,66,Avanzada,"Materiales en obra, trabajo activo.",0
SIM-2026-0418,2,27-08-2026,primera,51,Avanzada,Se verificó avance conforme al cronograma.,0
SIM-2025-0420,1,27-08-2026,primera,67,Avanzada,Obra en progreso normal.,5
SIM-2025-0420,1,27-08-2026,segunda,68,Avanzada,Obra en progreso normal.,4
SIM-2026-0421,4,27-08-2026,primera,87,Avanzada,,-6
SIM-2025-0426,4,27-08-2026,primera,6,Iniciada,Sin actividad registrada en visita.,15
SIM-2025-0432,1,27-08-2026,primera,46,Avanzada,Obra en progreso normal.,-1
SIM-2024-0434,5,27-08-2026,primera,98,Avanzada,Obra próxima a finalizar.,-5
SIM-2024-0435,1,27-08-2026,primera,1,Iniciada,,9
SIM-2026-0437,3,27-08-2026,primera,42,Avanzada,Obra en progreso normal.,-3
SIM-2026-0440,5,27-08-2026,primera,32,Iniciada,,0
SIM-2026-0441,1,27-08-2026,primera,22,Iniciada,Equipo de trabajo reducido.,-7
SIM-2026-0441,1,27-08-2026,segunda,22,Iniciada,,-1
SIM-2025-0442,1,27-08-2026,primera,20,Iniciada,,11
SIM-2025-0442,1,27-08-2026,segunda,28,Iniciada,Sin actividad registrada en visita.,3
SIM-2026-0443,6,27-08-2026,primera,31,Iniciada,,-5
SIM-2026-0443,6,27-08-2026,segunda,31,Iniciada,Se verificó avance conforme al cronograma.,-4
SIM-2024-0444,1,27-08-2026,primera,66,Avanzada,Se verificó avance conforme al cronograma.,1
SIM-2025-0445,3,27-08-2026,primera,70,Avanzada,,9
SIM-2026-0449,2,27-08-2026,primera,4,Iniciada,,12
SIM-2026-0449,2,27-08-2026,segunda,9,Iniciada,,7
SIM-2026-0451,1,27-08-2026,primera,0,Iniciada,Sin actividad registrada en visita.,5
SIM-2026-0451,1,27-08-2026,segunda,8,Iniciada,Terreno con problemas de acceso.,-4
SIM-2025-0453,1,27-08-2026,primera,18,Iniciada,,-5
SIM-2025-0453,1,27-08-2026,segunda,18,Iniciada,Obra paralizada por falta de materiales.,7
SIM-2025-0457,2,27-08-2026,primera,79,Avanzada,,-2
SIM-2025-0457,2,27-08-2026,segunda,79,Avanzada,Calidad de construcción satisfactoria.,-1
SIM-2025-0460,6,27-08-2026,primera,5,Iniciada,,12
SIM-2025-0460,6,27-08-2026,segunda,18,Iniciada,Equipo de trabajo reducido.,-1
SIM-2025-0463,1,27-08-2026,primera,81,Avanzada,"Terminaciones en curso, sin observaciones.",4
SIM-2025-0463,1,27-08-2026,segunda,84,Avanzada,"Terminaciones en curso, sin observaciones.",1
SIM-2026-0466,1,27-08-2026,primera,34,Iniciada,,-4
SIM-2026-0467,1,27-08-2026,primera,66,Avanzada,Se verificó avance conforme al cronograma.,-7
SIM-2025-0470,5,27-08-2026,primera,32,Iniciada,"Materiales en obra, trabajo activo.",1
SIM-2025-0473,1,27-08-2026,primera,59,Avanzada,Se verificó avance conforme al cronograma.,7
SIM-2025-0473,1,27-08-2026,segunda,66,Avanzada,Obra en progreso normal.,0
SIM-2026-0474,1,27-08-2026,primera,4,Iniciada,,14
SIM-2026-0474,1,27-08-2026,segunda,17,Iniciada,,1
SIM-2023-0475,2,27-08-2026,primera,13,Iniciada,Sin actividad registrada en visita.,6
SIM-2023-0475,2,27-08-2026,segunda,14,Iniciada,Obra paralizada por falta de materiales.,5
SIM-2025-0477,1,27-08-2026,primera,42,Avanzada,,6
SIM-2025-0477,1,27-08-2026,segunda,52,Avanzada,,-4
SIM-2025-0480,4,27-08-2026,primera,76,Avanzada,,-4
SIM-2025-0480,4,27-08-2026,segunda,76,Avanzada,,9
SIM-2026-0481,1,27-08-2026,primera,66,Avanzada,Obra en progreso normal.,-4
SIM-2026-0481,1,27-08-2026,segunda,66,Avanzada,Obra en progreso normal.,7
SIM-2026-0483,2,27-08-2026,primera,69,Avanzada,Obra en progreso normal.,1
SIM-2026-0483,2,27-08-2026,segunda,69,Avanzada,Obra en progreso normal.,1
SIM-2026-0484,1,27-08-2026,primera,8,Iniciada,Equipo de trabajo reducido.,10
SIM-2026-0484,1,27-08-2026,segunda,21,Iniciada,Obra paralizada por falta de materiales.,-3
SIM-2025-0485,3,27-08-2026,primera,37,Avanzada,,7
SIM-2026-0488,1,27-08-2026,primera,64,Avanzada,Obra en progreso normal.,13
SIM-2026-0490,1,27-08-2026,primera,36,Avanzada,,15
SIM-2025-0493,5,27-08-2026,primera,62,Avanzada,,9
SIM-2026-0496,1,27-08-2026,primera,8,Iniciada,,12
SIM-2026-0496,1,27-08-2026,segunda,17,Iniciada,,3
SIM-2025-0499,5,27-08-2026,primera,51,Avanzada,Se verificó avance conforme al cronograma.,-8
SIM-2025-0500,1,27-08-2026,primera,0,Iniciada,,7
SIM-2026-0501,3,27-08-2026,primera,58,Avanzada,Se verificó avance conforme al cronograma.,10
SIM-2026-0501,3,27-08-2026,segunda,69,Avanzada,,-1
SIM-2026-0502,1,27-08-2026,primera,69,Avanzada,,-1
SIM-2026-0502,1,27-08-2026,segunda,69,Avanzada,,-1
SIM-2024-0503,4,27-08-2026,primera,59,Avanzada,"Materiales en obra, trabajo activo.",8
SIM-2024-0503,4,27-08-2026,segunda,62,Avanzada,Obra en progreso normal.,5
SIM-2026-0504,1,27-08-2026,primera,44,Avanzada,,7
SIM-2025-0505,6,27-08-2026,primera,30,Iniciada,Se verificó avance conforme al cronograma.,-7
SIM-2025-0505,6,27-08-2026,segunda,30,Iniciada,,10
SIM-2025-0506,1,27-08-2026,primera,48,Avanzada,Obra en progreso normal.,3
SIM-2025-0506,1,27-08-2026,segunda,48,Avanzada,,10
SIM-2025-0509,2,27-08-2026,primera,23,Iniciada,Equipo de trabajo reducido.,-2
SIM-2025-0509,2,27-08-2026,segunda,23,Iniciada,Terreno con problemas de acceso.,0
SIM-2026-0512,2,27-08-2026,primera,27,Iniciada,Obra paralizada por falta de materiales.,-6
SIM-2026-0513,4,27-08-2026,primera,68,Avanzada,Obra en progreso normal.,9
SIM-2026-0517,1,27-08-2026,primera,22,Iniciada,,-4
SIM-2026-0517,1,27-08-2026,segunda,22,Iniciada,Terreno con problemas de acceso.,0
SIM-2025-0519,4,27-08-2026,primera,52,Avanzada,,13
SIM-2026-0521,1,27-08-2026,primera,100,Finalizada,,-3
SIM-2026-0521,1,27-08-2026,segunda,100,Finalizada,,-4
SIM-2025-0523,1,27-08-2026,primera,67,Avanzada,,-7
SIM-2025-0524,1,27-08-2026,primera,82,Avanzada,,-3
SIM-2023-0526,1,27-08-2026,primera,31,Iniciada,,1
SIM-2023-0526,1,27-08-2026,segunda,31,Iniciada,Se verificó avance conforme al cronograma.,4
SIM-2026-0527,1,27-08-2026,primera,13,Iniciada,Obra paralizada por falta de materiales.,0
SIM-2026-0527,1,27-08-2026,segunda,13,Iniciada,,2
SIM-2023-0528,1,27-08-2026,primera,49,Avanzada,,2
SIM-2026-0529,1,27-08-2026,primera,58,Avanzada,,3
SIM-2026-0529,1,27-08-2026,segunda,58,Avanzada,Obra en progreso normal.,7
SIM-2026-0531,6,27-08-2026,primera,7,Iniciada,,1
SIM-2026-0531,6,27-08-2026,segunda,7,Iniciada,Equipo de trabajo reducido.,9
SIM-2026-0533,4,27-08-2026,primera,24,Iniciada,,-7
SIM-2026-0533,4,27-08-2026,segunda,24,Iniciada,,-2
SIM-2025-0534,6,27-08-2026,primera,8,Iniciada,Terreno con problemas de acceso.,15
SIM-2025-0535,1,27-08-2026,primera,0,Iniciada,Sin actividad registrada en visita.,14
SIM-2025-0535,1,27-08-2026,segunda,0,Iniciada,,4
SIM-2025-0536,1,27-08-2026,primera,70,Avanzada,,7
SIM-2025-0536,1,27-08-2026,segunda,70,Avanzada,Obra próxima a finalizar.,7
SIM-2026-0537,5,27-08-2026,primera,28,Iniciada,Sin actividad registrada en visita.,0
SIM-2026-0540,1,27-08-2026,primera,28,Iniciada,Terreno con problemas de acceso.,6
SIM-2026-0545,1,27-08-2026,primera,61,Avanzada,Obra en progreso normal.,14
SIM-2026-0546,1,27-08-2026,primera,7,Iniciada,,7
SIM-2026-0546,1,27-08-2026,segunda,18,Iniciada,,-4
SIM-2026-0549,1,27-08-2026,primera,9,Iniciada,Terreno con problemas de acceso.,11
SIM-2026-0550,6,27-08-2026,primera,66,Avanzada,Obra en progreso normal.,5
SIM-2026-0550,6,27-08-2026,segunda,66,Avanzada,,5
SIM-2025-0551,5,27-08-2026,primera,23,Iniciada,Equipo de trabajo reducido.,-8
SIM-2024-0552,1,27-08-2026,primera,0,Iniciada,,13
SIM-2026-0553,1,27-08-2026,primera,51,Avanzada,,4
SIM-2026-0557,1,27-08-2026,primera,0,Iniciada,,5
SIM-2026-0558,6,27-08-2026,primera,42,Avanzada,,15
SIM-2026-0558,6,27-08-2026,segunda,48,Avanzada,Se verificó avance conforme al cronograma.,9
SIM-2026-0559,4,27-08-2026,primera,0,Iniciada,,10
SIM-2025-0561,1,27-08-2026,primera,54,Avanzada,,5
SIM-2025-0562,1,27-08-2026,primera,10,Iniciada,,-1
SIM-2025-0565,1,27-08-2026,primera,16,Iniciada,Obra paralizada por falta de materiales.,0
SIM-2025-0567,1,27-08-2026,primera,0,Iniciada,Equipo de trabajo reducido.,4
SIM-2025-0567,1,27-08-2026,segunda,0,Iniciada,Obra paralizada por falta de materiales.,9
SIM-2026-0570,5,27-08-2026,primera,73,Avanzada,,-6
SIM-2025-0571,1,27-08-2026,primera,23,Iniciada,,9
SIM-2025-0571,1,27-08-2026,segunda,28,Iniciada,,4
SIM-2025-0574,1,27-08-2026,primera,9,Iniciada,,7
SIM-2025-0574,1,27-08-2026,segunda,12,Iniciada,,4
SIM-2026-0580,4,27-08-2026,primera,21,Iniciada,Equipo de trabajo reducido.,15
SIM-2026-0580,4,27-08-2026,segunda,28,Iniciada,Equipo de trabajo reducido.,8
SIM-2026-0587,5,27-08-2026,primera,30,Iniciada,,-4
SIM-2026-0588,1,27-08-2026,primera,39,Avanzada,,1
SIM-2026-0588,1,27-08-2026,segunda,39,Avanzada,Obra en progreso normal.,8
SIM-2025-0589,5,27-08-2026,primera,4,Iniciada,Obra paralizada por falta de materiales.,1
SIM-2025-0590,3,27-08-2026,primera,20,Iniciada,,-5
SIM-2025-0590,3,27-08-2026,segunda,20,Iniciada,Terreno con problemas de acceso.,2
SIM-2025-0592,5,27-08-2026,primera,0,Iniciada,Sin actividad registrada en visita.,6
SIM-2025-0597,1,27-08-2026,primera,32,Iniciada,,3
SIM-2025-0597,1,27-08-2026,segunda,32,Iniciada,,7
SIM-2026-0598,1,27-08-2026,primera,13,Iniciada,,0
SIM-2025-0604,1,27-08-2026,primera,18,Iniciada,Terreno con problemas de acceso.,-6
SIM-2025-0604,1,27-08-2026,segunda,18,Iniciada,Terreno con problemas de acceso.,1
SIM-2026-0605,4,27-08-2026,primera,61,Avanzada,,4
SIM-2026-0605,4,27-08-2026,segunda,61,Avanzada,Obra en progreso normal.,7
SIM-2026-0606,6,27-08-2026,primera,51,Avanzada,,7
SIM-2026-0607,4,27-08-2026,primera,0,Iniciada,Sin actividad registrada en visita.,15
SIM-2025-0609,1,27-08-2026,primera,47,Avanzada,,2
SIM-2025-0609,1,27-08-2026,segunda,53,Avanzada,Obra en progreso normal.,-4
SIM-2025-0611,1,27-08-2026,primera,39,Avanzada,"Materiales en obra, trabajo activo.",3
SIM-2026-0614,1,27-08-2026,primera,18,Iniciada,,-8
SIM-2025-0616,2,27-08-2026,primera,44,Avanzada,,-5
SIM-2026-0618,1,27-08-2026,primera,43,Avanzada,"Materiales en obra, trabajo activo.",-4
SIM-2026-0620,6,27-08-2026,primera,19,Iniciada,Obra paralizada por falta de materiales.,2
SIM-2026-0621,1,27-08-2026,primera,6,Iniciada,Sin actividad registrada en visita.,-1
SIM-2026-0621,1,27-08-2026,segunda,7,Iniciada,Terreno con problemas de acceso.,-2
SIM-2026-0623,4,27-08-2026,primera,17,Iniciada,,-4
SIM-2025-0625,4,27-08-2026,primera,1,Iniciada,,5
SIM-2024-0626,1,27-08-2026,primera,49,Avanzada,Se verificó avance conforme al cronograma.,7
SIM-2024-0626,1,27-08-2026,segunda,61,Avanzada,,-5
SIM-2026-0627,3,27-08-2026,primera,42,Avanzada,Obra en progreso normal.,14
SIM-2026-0631,2,27-08-2026,primera,65,Avanzada,Obra en progreso normal.,-5
SIM-2025-0634,1,27-08-2026,primera,77,Avanzada,Obra próxima a finalizar.,-5
SIM-2025-0634,1,27-08-2026,segunda,77,Avanzada,"Terminaciones en curso, sin observaciones.",-3
SIM-2025-0635,1,27-08-2026,primera,63,Avanzada,,9
SIM-2025-0636,1,27-08-2026,primera,39,Avanzada,,14
SIM-2025-0636,1,27-08-2026,segunda,49,Avanzada,,4
SIM-2025-0638,1,27-08-2026,primera,26,Iniciada,,-5
SIM-2025-0640,3,27-08-2026,primera,32,Iniciada,Se verificó avance conforme al cronograma.,5
SIM-2026-0641,1,27-08-2026,primera,58,Avanzada,"Materiales en obra, trabajo activo.",-6
SIM-2026-0641,1,27-08-2026,segunda,58,Avanzada,Se verificó avance conforme al cronograma.,10
SIM-2025-0643,1,27-08-2026,primera,50,Avanzada,"Materiales en obra, trabajo activo.",-5
SIM-2026-0646,2,27-08-2026,primera,62,Avanzada,"Materiales en obra, trabajo activo.",2
SIM-2025-0647,1,27-08-2026,primera,68,Avanzada,,-5
SIM-2025-0647,1,27-08-2026,segunda,68,Avanzada,,1
SIM-2024-0649,1,27-08-2026,primera,69,Avanzada,,15
SIM-2026-0650,1,27-08-2026,primera,0,Iniciada,Terreno con problemas de acceso.,5
SIM-2026-0650,1,27-08-2026,segunda,0,Iniciada,Equipo de trabajo reducido.,1
SIM-2026-0654,1,27-08-2026,primera,13,Iniciada,,-2
SIM-2026-0654,1,27-08-2026,segunda,13,Iniciada,Sin actividad registrada en visita.,4
SIM-2026-0657,5,27-08-2026,primera,11,Iniciada,Equipo de trabajo reducido.,10
SIM-2026-0664,1,27-08-2026,primera,22,Iniciada,Obra paralizada por falta de materiales.,11
SIM-2026-0664,1,27-08-2026,segunda,32,Iniciada,,1
SIM-2025-0665,4,27-08-2026,primera,88,Avanzada,Calidad de construcción satisfactoria.,10
SIM-2024-0668,2,27-08-2026,primera,25,Iniciada,Equipo de trabajo reducido.,14
SIM-2026-0670,1,27-08-2026,primera,63,Avanzada,Obra en progreso normal.,13
SIM-2026-0670,1,27-08-2026,segunda,78,Avanzada,,-2
SIM-2025-0671,1,27-08-2026,primera,40,Avanzada,"Materiales en obra, trabajo activo.",14
SIM-2025-0671,1,27-08-2026,segunda,56,Avanzada,Se verificó avance conforme al cronograma.,-2
SIM-2026-0678,2,27-08-2026,primera,28,Iniciada,,15
SIM-2026-0678,2,27-08-2026,segunda,37,Avanzada,Se verificó avance conforme al cronograma.,6
SIM-2026-0680,5,27-08-2026,primera,4,Iniciada,,8
SIM-2025-0681,1,27-08-2026,primera,17,Iniciada,Sin actividad registrada en visita.,12
SIM-2025-0681,1,27-08-2026,segunda,27,Iniciada,Terreno con problemas de acceso.,2
SIM-2026-0683,2,27-08-2026,primera,36,Avanzada,Se verificó avance conforme al cronograma.,0
SIM-2026-0683,2,27-08-2026,segunda,40,Avanzada,,-4
SIM-2025-0684,4,27-08-2026,primera,2,Iniciada,Terreno con problemas de acceso.,-2
SIM-2025-0684,4,27-08-2026,segunda,2,Iniciada,Obra paralizada por falta de materiales.,3
SIM-2025-0685,1,27-08-2026,primera,34,Iniciada,Se verificó avance conforme al cronograma.,8
SIM-2025-0685,1,27-08-2026,segunda,40,Avanzada,"Materiales en obra, trabajo activo.",2
SIM-2025-0687,6,27-08-2026,primera,0,Iniciada,,7
SIM-2025-0687,6,27-08-2026,segunda,0,Iniciada,Equipo de trabajo reducido.,10
SIM-2025-0690,1,27-08-2026,primera,82,Avanzada,,-1
SIM-2025-0690,1,27-08-2026,segunda,82,Avanzada,Calidad de construcción satisfactoria.,-1
SIM-2026-0693,1,27-08-2026,primera,31,Iniciada,,0
SIM-2026-0693,1,27-08-2026,segunda,31,Iniciada,,4
SIM-2026-0695,1,27-08-2026,primera,0,Iniciada,,10
SIM-2026-0695,1,27-08-2026,segunda,5,Iniciada,Equipo de trabajo reducido.,4
SIM-2025-0696,1,27-08-2026,primera,0,Iniciada,,13
SIM-2025-0699,1,27-08-2026,primera,76,Avanzada,,8
SIM-2026-0701,1,27-08-2026,primera,43,Avanzada,"Materiales en obra, trabajo activo.",-8
SIM-2026-0702,1,27-08-2026,primera,0,Iniciada,Equipo de trabajo reducido.,2
SIM-2026-0702,1,27-08-2026,segunda,0,Iniciada,,4
SIM-2025-0708,4,27-08-2026,primera,49,Avanzada,,14
SIM-2026-0709,1,27-08-2026,primera,15,Iniciada,,13
SIM-2025-0711,1,27-08-2026,primera,65,Avanzada,"Materiales en obra, trabajo activo.",-5
SIM-2025-0711,1,27-08-2026,segunda,65,Avanzada,Se verificó avance conforme al cronograma.,2
SIM-2025-0713,3,27-08-2026,primera,32,Iniciada,,-1
SIM-2025-0714,1,27-08-2026,primera,9,Iniciada,Obra paralizada por falta de materiales.,9
SIM-2025-0714,1,27-08-2026,segunda,19,Iniciada,Obra paralizada por falta de materiales.,-1
SIM-2025-0716,1,27-08-2026,primera,74,Avanzada,,5
SIM-2026-0717,1,27-08-2026,primera,8,Iniciada,Equipo de trabajo reducido.,9
SIM-2026-0717,1,27-08-2026,segunda,16,Iniciada,Obra paralizada por falta de materiales.,1
SIM-2025-0719,4,27-08-2026,primera,25,Iniciada,,-8
SIM-2025-0719,4,27-08-2026,segunda,25,Iniciada,,3
SIM-2026-0721,1,27-08-2026,primera,39,Avanzada,Obra en progreso normal.,-6
SIM-2026-0722,1,27-08-2026,primera,23,Iniciada,,0
SIM-2026-0722,1,27-08-2026,segunda,23,Iniciada,Terreno con problemas de acceso.,2
SIM-2026-0724,4,27-08-2026,primera,0,Iniciada,,13
SIM-2026-0727,2,27-08-2026,primera,14,Iniciada,,-2
SIM-2026-0729,1,27-08-2026,primera,5,Iniciada,,8
SIM-2026-0731,1,27-08-2026,primera,18,Iniciada,,5
SIM-2025-0736,1,27-08-2026,primera,44,Avanzada,,9
SIM-2025-0736,1,27-08-2026,segunda,55,Avanzada,,-2
SIM-2026-0737,6,27-08-2026,primera,32,Iniciada,Obra en progreso normal.,13
SIM-2025-0738,1,27-08-2026,primera,47,Avanzada,,-7
SIM-2025-0738,1,27-08-2026,segunda,47,Avanzada,Se verificó avance conforme al cronograma.,1
SIM-2026-0739,1,27-08-2026,primera,0,Iniciada,Equipo de trabajo reducido.,13
SIM-2026-0739,1,27-08-2026,segunda,3,Iniciada,Terreno con problemas de acceso.,1
SIM-2026-0741,6,27-08-2026,primera,85,Avanzada,Obra próxima a finalizar.,5
SIM-2026-0744,3,27-08-2026,primera,18,Iniciada,Terreno con problemas de acceso.,4
SIM-2026-0744,3,27-08-2026,segunda,22,Iniciada,,0
SIM-2026-0745,1,27-08-2026,primera,81,Avanzada,Obra próxima a finalizar.,-5
SIM-2026-0745,1,27-08-2026,segunda,81,Avanzada,"Terminaciones en curso, sin observaciones.",-1
SIM-2026-0746,1,27-08-2026,primera,22,Iniciada,Terreno con problemas de acceso.,-3
SIM-2025-0747,1,27-08-2026,primera,16,Iniciada,,11
SIM-2025-0747,1,27-08-2026,segunda,18,Iniciada,Sin actividad registrada en visita.,9
SIM-2026-0748,1,27-08-2026,primera,42,Avanzada,,0
SIM-2026-0751,1,27-08-2026,primera,75,Avanzada,"Terminaciones en curso, sin observaciones.",-2
SIM-2026-0752,1,27-08-2026,primera,25,Iniciada,,-6
SIM-2026-0752,1,27-08-2026,segunda,25,Iniciada,,-1
SIM-2025-0753,3,27-08-2026,primera,0,Iniciada,,14
SIM-2025-0759,1,27-08-2026,primera,0,Iniciada,,12
SIM-2025-0763,1,27-08-2026,primera,0,Iniciada,Equipo de trabajo reducido.,8
SIM-2026-0766,3,27-08-2026,primera,22,Iniciada,,-7
SIM-2025-0770,2,27-08-2026,primera,52,Avanzada,"Materiales en obra, trabajo activo.",9
SIM-2026-0771,3,27-08-2026,primera,17,Iniciada,,2
SIM-2025-0772,1,27-08-2026,primera,19,Iniciada,,7
SIM-2025-0772,1,27-08-2026,segunda,24,Iniciada,,2
SIM-2025-0775,5,27-08-2026,primera,22,Iniciada,,-4
SIM-2025-0776,6,27-08-2026,primera,20,Iniciada,Terreno con problemas de acceso.,9
SIM-2025-0776,6,27-08-2026,segunda,26,Iniciada,,3
SIM-2025-0777,1,27-08-2026,primera,12,Iniciada,,-7
SIM-2025-0781,1,27-08-2026,primera,46,Avanzada,"Materiales en obra, trabajo activo.",14
SIM-2025-0781,1,27-08-2026,segunda,55,Avanzada,"Materiales en obra, trabajo activo.",5
SIM-2025-0782,1,27-08-2026,primera,28,Iniciada,Equipo de trabajo reducido.,10
SIM-2025-0782,1,27-08-2026,segunda,40,Avanzada,"Materiales en obra, trabajo activo.",-2
SIM-2026-0783,1,27-08-2026,primera,19,Iniciada,,-7
SIM-2026-0784,1,27-08-2026,primera,12,Iniciada,Terreno con problemas de acceso.,15
SIM-2026-0784,1,27-08-2026,segunda,29,Iniciada,,-2
SIM-2024-0785,4,27-08-2026,primera,49,Avanzada,,1
SIM-2024-0785,4,27-08-2026,segunda,53,Avanzada,,-3
SIM-2026-0786,4,27-08-2026,primera,64,Avanzada,,13
SIM-2026-0786,4,27-08-2026,segunda,67,Avanzada,,10
SIM-2024-0789,3,27-08-2026,primera,67,Avanzada,,1
SIM-2026-0790,6,27-08-2026,primera,72,Avanzada,"Terminaciones en curso, sin observaciones.",7
SIM-2026-0790,6,27-08-2026,segunda,83,Avanzada,,-4
SIM-2025-0791,2,27-08-2026,primera,5,Iniciada,,0
SIM-2025-0791,2,27-08-2026,segunda,5,Iniciada,Terreno con problemas de acceso.,5
SIM-2026-0794,2,27-08-2026,primera,1,Iniciada,Obra paralizada por falta de materiales.,4
SIM-2026-0794,2,27-08-2026,segunda,6,Iniciada,,-1
SIM-2025-0802,3,27-08-2026,primera,50,Avanzada,Obra en progreso normal.,-7
SIM-2026-0805,6,27-08-2026,primera,24,Iniciada,,-7
SIM-2026-0805,6,27-08-2026,segunda,24,Iniciada,Equipo de trabajo reducido.,10
SIM-2026-0809,1,27-08-2026,primera,53,Avanzada,,11
SIM-2026-0809,1,27-08-2026,segunda,58,Avanzada,,6
SIM-2026-0810,1,27-08-2026,primera,58,Avanzada,,11
SIM-2026-0813,1,27-08-2026,primera,22,Iniciada,Obra paralizada por falta de materiales.,8
SIM-2026-0813,1,27-08-2026,segunda,34,Iniciada,,-4
SIM-2026-0817,3,27-08-2026,primera,23,Iniciada,Obra paralizada por falta de materiales.,8
SIM-2025-0818,6,27-08-2026,primera,40,Avanzada,Se verificó avance conforme al cronograma.,12
SIM-2025-0818,6,27-08-2026,segunda,50,Avanzada,,2
SIM-2025-0820,3,27-08-2026,primera,73,Avanzada,,-2
SIM-2025-0820,3,27-08-2026,segunda,73,Avanzada,Calidad de construcción satisfactoria.,3
SIM-2025-0823,1,27-08-2026,primera,17,Iniciada,Terreno con problemas de acceso.,14
SIM-2025-0826,6,27-08-2026,primera,53,Avanzada,,12
SIM-2025-0828,2,27-08-2026,primera,79,Avanzada,"Terminaciones en curso, sin observaciones.",-3
SIM-2025-0829,2,27-08-2026,primera,53,Avanzada,,15
SIM-2025-0834,2,27-08-2026,primera,58,Avanzada,,1
SIM-2025-0834,2,27-08-2026,segunda,58,Avanzada,,9
SIM-2026-0837,1,27-08-2026,primera,61,Avanzada,,1
SIM-2024-0839,4,27-08-2026,primera,16,Iniciada,,3
SIM-2025-0840,1,27-08-2026,primera,45,Avanzada,,4
SIM-2026-0841,1,27-08-2026,primera,0,Iniciada,,9
SIM-2026-0841,1,27-08-2026,segunda,12,Iniciada,,-5
SIM-2026-0842,4,27-08-2026,primera,30,Iniciada,Se verificó avance conforme al cronograma.,1
SIM-2026-0843,1,27-08-2026,primera,51,Avanzada,,8
SIM-2026-0846,4,27-08-2026,primera,22,Iniciada,Equipo de trabajo reducido.,3
SIM-2025-0850,3,27-08-2026,primera,66,Avanzada,,15
SIM-2026-0852,1,27-08-2026,primera,0,Iniciada,Terreno con problemas de acceso.,14
SIM-2026-0853,5,27-08-2026,primera,89,Avanzada,Obra próxima a finalizar.,1
SIM-2026-0854,1,27-08-2026,primera,50,Avanzada,"Materiales en obra, trabajo activo.",3
SIM-2026-0854,1,27-08-2026,segunda,50,Avanzada,,5
SIM-2025-0855,1,27-08-2026,primera,38,Avanzada,Obra en progreso normal.,15
SIM-2024-0857,1,27-08-2026,primera,70,Avanzada,,14
SIM-2024-0857,1,27-08-2026,segunda,86,Avanzada,,-2
SIM-2026-0860,1,27-08-2026,primera,73,Avanzada,Obra próxima a finalizar.,-2
SIM-2025-0861,1,27-08-2026,primera,66,Avanzada,"Materiales en obra, trabajo activo.",-2
SIM-2025-0861,1,27-08-2026,segunda,66,Avanzada,Se verificó avance conforme al cronograma.,2
SIM-2026-0874,1,27-08-2026,primera,19,Iniciada,Terreno con problemas de acceso.,8
SIM-2025-0875,1,27-08-2026,primera,0,Iniciada,,8
SIM-2025-0876,1,27-08-2026,primera,43,Avanzada,,8
SIM-2025-0876,1,27-08-2026,segunda,51,Avanzada,Obra en progreso normal.,0
SIM-2026-0883,5,27-08-2026,primera,68,Avanzada,Se verificó avance conforme al cronograma.,-5
SIM-2026-0884,4,27-08-2026,primera,3,Iniciada,,11
SIM-2026-0884,4,27-08-2026,segunda,7,Iniciada,Sin actividad registrada en visita.,7
SIM-2026-0891,5,27-08-2026,primera,98,Avanzada,,1
SIM-2026-0903,1,27-08-2026,primera,75,Avanzada,"Terminaciones en curso, sin observaciones.",4
SIM-2026-0903,1,27-08-2026,segunda,83,Avanzada,Calidad de construcción satisfactoria.,-4
SIM-2026-0904,2,27-08-2026,primera,69,Avanzada,,-5
SIM-2025-0905,1,27-08-2026,primera,5,Iniciada,,-5
SIM-2025-0905,1,27-08-2026,segunda,5,Iniciada,,7
SIM-2026-0908,2,27-08-2026,primera,56,Avanzada,,-8
SIM-2025-0909,4,27-08-2026,primera,17,Iniciada,,-3
SIM-2025-0909,4,27-08-2026,segunda,17,Iniciada,,1
SIM-2026-0910,2,27-08-2026,primera,44,Avanzada,Se verificó avance conforme al cronograma.,-6
SIM-2026-0910,2,27-08-2026,segunda,44,Avanzada,Se verificó avance conforme al cronograma.,8
SIM-2026-0913,1,27-08-2026,primera,25,Iniciada,Sin actividad registrada en visita.,15
SIM-2026-0914,1,27-08-2026,primera,17,Iniciada,,3
SIM-2025-0915,1,27-08-2026,primera,12,Iniciada,,7
SIM-2025-0915,1,27-08-2026,segunda,23,Iniciada,,-4
SIM-2026-0918,1,27-08-2026,primera,62,Avanzada,Obra en progreso normal.,15
SIM-2025-0926,3,27-08-2026,primera,41,Avanzada,Se verificó avance conforme al cronograma.,-2
SIM-2025-0930,1,27-08-2026,primera,58,Avanzada,"Materiales en obra, trabajo activo.",-8
SIM-2025-0930,1,27-08-2026,segunda,58,Avanzada,,5
SIM-2026-0932,2,27-08-2026,primera,80,Avanzada,,-3
SIM-2026-0932,2,27-08-2026,segunda,80,Avanzada,"Terminaciones en curso, sin observaciones.",5
SIM-2025-0934,1,27-08-2026,primera,75,Avanzada,Obra próxima a finalizar.,-3
SIM-2025-0934,1,27-08-2026,segunda,75,Avanzada,Calidad de construcción satisfactoria.,10
SIM-2025-0935,6,27-08-2026,primera,48,Avanzada,,-4
SIM-2025-0938,1,27-08-2026,primera,47,Avanzada,,1
SIM-2025-0938,1,27-08-2026,segunda,47,Avanzada,"Materiales en obra, trabajo activo.",2
SIM-2025-0939,1,27-08-2026,primera,0,Iniciada,,8
SIM-2024-0940,1,27-08-2026,primera,76,Avanzada,Calidad de construcción satisfactoria.,-1
SIM-2025-0942,4,27-08-2026,primera,68,Avanzada,Obra en progreso normal.,8
SIM-2025-0942,4,27-08-2026,segunda,70,Avanzada,,6
SIM-2026-0945,1,27-08-2026,primera,64,Avanzada,,-5
SIM-2026-0945,1,27-08-2026,segunda,64,Avanzada,,-5
SIM-2025-0946,1,27-08-2026,primera,59,Avanzada,,3
SIM-2025-0946,1,27-08-2026,segunda,65,Avanzada,,-3
SIM-2025-0947,2,27-08-2026,primera,14,Iniciada,,-3
SIM-2025-0949,4,27-08-2026,primera,26,Iniciada,,0
SIM-2025-0949,4,27-08-2026,segunda,26,Iniciada,,8
SIM-2026-0950,1,27-08-2026,primera,39,Avanzada,,4
SIM-2025-0959,2,27-08-2026,primera,0,Iniciada,,11
SIM-2025-0962,4,27-08-2026,primera,28,Iniciada,Terreno con problemas de acceso.,8
SIM-2026-0964,4,27-08-2026,primera,13,Iniciada,Terreno con problemas de acceso.,10
SIM-2025-0965,4,27-08-2026,primera,7,Iniciada,,8
SIM-2026-0968,1,27-08-2026,primera,66,Avanzada,,-3
SIM-2026-0968,1,27-08-2026,segunda,66,Avanzada,Obra en progreso normal.,2
SIM-2024-0969,4,27-08-2026,primera,28,Iniciada,Obra paralizada por falta de materiales.,5
SIM-2024-0969,4,27-08-2026,segunda,38,Avanzada,,-5
SIM-2026-0970,2,27-08-2026,primera,24,Iniciada,,4
SIM-2026-0975,1,27-08-2026,primera,9,Iniciada,Equipo de trabajo reducido.,-2
SIM-2026-0975,1,27-08-2026,segunda,9,Iniciada,Terreno con problemas de acceso.,2
SIM-2025-0977,1,27-08-2026,primera,42,Avanzada,"Materiales en obra, trabajo activo.",8
SIM-2025-0979,4,27-08-2026,primera,18,Iniciada,,1
SIM-2026-0984,4,27-08-2026,primera,59,Avanzada,,-4
SIM-2026-0985,1,27-08-2026,primera,76,Avanzada,,-8
SIM-2026-0986,5,27-08-2026,primera,53,Avanzada,,10
SIM-2025-0988,3,27-08-2026,primera,34,Iniciada,"Materiales en obra, trabajo activo.",13
SIM-2026-0990,1,27-08-2026,primera,25,Iniciada,,5
SIM-2024-0991,5,27-08-2026,primera,9,Iniciada,Sin actividad registrada en visita.,9
SIM-2026-0995,1,27-08-2026,primera,45,Avanzada,,-4
SIM-2026-0996,1,27-08-2026,primera,75,Avanzada,,2
SIM-2024-0998,1,27-08-2026,primera,6,Iniciada,,-2
SIM-2024-0998,1,27-08-2026,segunda,6,Iniciada,Terreno con problemas de acceso.,-1
SIM-2025-1001,3,27-08-2026,primera,22,Iniciada,,-7
SIM-2026-1002,3,27-08-2026,primera,18,Iniciada,Sin actividad registrada en visita.,-1
SIM-2025-1004,1,27-08-2026,primera,20,Iniciada,Sin actividad registrada en visita.,-7
SIM-2025-1004,1,27-08-2026,segunda,20,Iniciada,Equipo de trabajo reducido.,-3
SIM-2025-1006,1,27-08-2026,primera,42,Avanzada,Obra en progreso normal.,-8
SIM-2025-1006,1,27-08-2026,segunda,42,Avanzada,,-4
SIM-2026-1007,4,27-08-2026,primera,16,Iniciada,,1
SIM-2026-1007,4,27-08-2026,segunda,16,Iniciada,Sin actividad registrada en visita.,5
SIM-2026-1009,1,27-08-2026,primera,11,Iniciada,Sin actividad registrada en visita.,8
SIM-2025-1010,2,27-08-2026,primera,70,Avanzada,,-7
SIM-2025-1010,2,27-08-2026,segunda,70,Avanzada,"Terminaciones en curso, sin observaciones.",3
SIM-2025-1011,5,27-08-2026,primera,57,Avanzada,Obra en progreso normal.,11
SIM-2026-1015,1,27-08-2026,primera,10,Iniciada,,5
SIM-2026-1015,1,27-08-2026,segunda,10,Iniciada,Obra paralizada por falta de materiales.,6
SIM-2026-1016,1,27-08-2026,primera,62,Avanzada,,7
SIM-2026-1021,2,27-08-2026,primera,50,Avanzada,Se verificó avance conforme al cronograma.,11
SIM-2026-1021,2,27-08-2026,segunda,58,Avanzada,Obra en progreso normal.,3
SIM-2025-1022,1,27-08-2026,primera,1,Iniciada,Equipo de trabajo reducido.,6
SIM-2025-1024,1,27-08-2026,primera,1,Iniciada,,14
SIM-2025-1024,1,27-08-2026,segunda,8,Iniciada,Obra paralizada por falta de materiales.,7
SIM-2024-1027,1,27-08-2026,primera,13,Iniciada,,-3
SIM-2024-1027,1,27-08-2026,segunda,13,Iniciada,Obra paralizada por falta de materiales.,0
SIM-2026-1028,1,27-08-2026,primera,43,Avanzada,"Materiales en obra, trabajo activo.",5
SIM-2025-1029,2,27-08-2026,primera,33,Iniciada,"Materiales en obra, trabajo activo.",6
SIM-2026-1030,1,27-08-2026,primera,5,Iniciada,Obra paralizada por falta de materiales.,-2
SIM-2025-1032,1,27-08-2026,primera,43,Avanzada,Obra en progreso normal.,1
SIM-2025-1033,5,27-08-2026,primera,39,Avanzada,Obra en progreso normal.,10
SIM-2025-1035,2,27-08-2026,primera,41,Avanzada,,-7
SIM-2025-1035,2,27-08-2026,segunda,41,Avanzada,Obra en progreso normal.,3
SIM-2025-1036,1,27-08-2026,primera,73,Avanzada,,-2
SIM-2026-1040,1,27-08-2026,primera,23,Iniciada,Equipo de trabajo reducido.,9
SIM-2025-1045,5,27-08-2026,primera,0,Iniciada,Equipo de trabajo reducido.,8
SIM-2025-1048,1,27-08-2026,primera,0,Iniciada,Sin actividad registrada en visita.,12
SIM-2026-1051,2,27-08-2026,primera,8,Iniciada,Equipo de trabajo reducido.,-3
SIM-2026-1051,2,27-08-2026,segunda,8,Iniciada,Terreno con problemas de acceso.,8
SIM-2025-1052,4,27-08-2026,primera,50,Avanzada,,7
SIM-2026-1055,1,27-08-2026,primera,25,Iniciada,,-1
SIM-2026-1055,1,27-08-2026,segunda,26,Iniciada,,-2
SIM-2025-1056,1,27-08-2026,primera,0,Iniciada,,13
SIM-2025-1056,1,27-08-2026,segunda,2,Iniciada,Sin actividad registrada en visita.,5
SIM-2025-1061,1,27-08-2026,primera,12,Iniciada,,14
SIM-2026-1066,1,27-08-2026,primera,0,Iniciada,,13
SIM-2026-1066,1,27-08-2026,segunda,0,Iniciada,,10
SIM-2026-1067,1,27-08-2026,primera,2,Iniciada,Sin actividad registrada en visita.,7
SIM-2026-1067,1,27-08-2026,segunda,10,Iniciada,,-1
SIM-2026-1068,1,27-08-2026,primera,16,Iniciada,Equipo de trabajo reducido.,-8
SIM-2026-1068,1,27-08-2026,segunda,16,Iniciada,Terreno con problemas de acceso.,0
SIM-2026-1069,2,27-08-2026,primera,52,Avanzada,Se verificó avance conforme al cronograma.,-3
SIM-2025-1070,1,27-08-2026,primera,60,Avanzada,,-8
SIM-2025-1070,1,27-08-2026,segunda,60,Avanzada,,9
SIM-2026-1072,1,27-08-2026,primera,61,Avanzada,,4
SIM-2024-1082,6,27-08-2026,primera,7,Iniciada,Sin actividad registrada en visita.,10
SIM-2025-1084,1,27-08-2026,primera,73,Avanzada,,-7
SIM-2025-1084,1,27-08-2026,segunda,73,Avanzada,Calidad de construcción satisfactoria.,3
SIM-2026-1086,4,27-08-2026,primera,17,Iniciada,,9
SIM-2025-1088,4,27-08-2026,primera,36,Avanzada,,-7
SIM-2025-1091,1,27-08-2026,primera,75,Avanzada,,-1
SIM-2025-1091,1,27-08-2026,segunda,75,Avanzada,,3
SIM-2025-1092,4,27-08-2026,primera,83,Avanzada,Calidad de construcción satisfactoria.,-4
SIM-2025-1092,4,27-08-2026,segunda,83,Avanzada,,-3
SIM-2026-1093,1,27-08-2026,primera,22,Iniciada,,6
SIM-2026-1093,1,27-08-2026,segunda,32,Iniciada,,-4
SIM-2025-1096,4,27-08-2026,primera,48,Avanzada,,3
SIM-2025-1096,4,27-08-2026,segunda,48,Avanzada,Se verificó avance conforme al cronograma.,7
SIM-2025-1098,1,27-08-2026,primera,0,Iniciada,Sin actividad registrada en visita.,13
SIM-2025-1098,1,27-08-2026,segunda,11,Iniciada,,-3
SIM-2025-1100,1,27-08-2026,primera,84,Avanzada,,12
SIM-2025-1100,1,27-08-2026,segunda,86,Avanzada,Obra próxima a finalizar.,10
SIM-2025-1103,4,27-08-2026,primera,47,Avanzada,,7
SIM-2025-1103,4,27-08-2026,segunda,55,Avanzada,"Materiales en obra, trabajo activo.",-1
SIM-2025-1104,2,27-08-2026,primera,19,Iniciada,Terreno con problemas de acceso.,15
SIM-2026-1105,2,27-08-2026,primera,53,Avanzada,"Materiales en obra, trabajo activo.",12
SIM-2025-1106,1,27-08-2026,primera,63,Avanzada,Obra en progreso normal.,14
SIM-2025-1109,1,27-08-2026,primera,91,Avanzada,Calidad de construcción satisfactoria.,4
SIM-2025-1109,1,27-08-2026,segunda,91,Avanzada,,9
SIM-2025-1112,1,27-08-2026,primera,85,Avanzada,Calidad de construcción satisfactoria.,-5
SIM-2025-1112,1,27-08-2026,segunda,85,Avanzada,,5
SIM-2026-1115,1,27-08-2026,primera,10,Iniciada,,-3
SIM-2026-1115,1,27-08-2026,segunda,10,Iniciada,Terreno con problemas de acceso.,7
SIM-2025-1116,1,27-08-2026,primera,2,Iniciada,Equipo de trabajo reducido.,11
SIM-2025-1117,1,27-08-2026,primera,15,Iniciada,,9
SIM-2026-1120,4,27-08-2026,primera,69,Avanzada,,-1
SIM-2026-1120,4,27-08-2026,segunda,70,Avanzada,Obra próxima a finalizar.,-2
SIM-2026-1121,1,27-08-2026,primera,0,Iniciada,,13
SIM-2026-1121,1,27-08-2026,segunda,0,Iniciada,,5
SIM-2025-1125,1,27-08-2026,primera,3,Iniciada,Equipo de trabajo reducido.,2
SIM-2025-1125,1,27-08-2026,segunda,3,Iniciada,,2
SIM-2025-1126,6,27-08-2026,primera,25,Iniciada,,8
SIM-2026-1127,1,27-08-2026,primera,15,Iniciada,Sin actividad registrada en visita.,8
SIM-2026-1127,1,27-08-2026,segunda,28,Iniciada,,-5
SIM-2026-1129,1,27-08-2026,primera,4,Iniciada,,0
SIM-2025-1130,6,27-08-2026,primera,25,Iniciada,,-8
SIM-2026-1131,1,27-08-2026,primera,0,Iniciada,,1
SIM-2026-1131,1,27-08-2026,segunda,0,Iniciada,Obra paralizada por falta de materiales.,1
SIM-2025-1138,1,27-08-2026,primera,16,Iniciada,Obra paralizada por falta de materiales.,10
SIM-2025-1140,1,27-08-2026,primera,16,Iniciada,Terreno con problemas de acceso.,-3
SIM-2025-1140,1,27-08-2026,segunda,16,Iniciada,,3
SIM-2026-1141,5,27-08-2026,primera,3,Iniciada,Terreno con problemas de acceso.,3
SIM-2023-1142,2,27-08-2026,primera,8,Iniciada,Terreno con problemas de acceso.,-5
SIM-2023-1142,2,27-08-2026,segunda,8,Iniciada,,1
SIM-2025-1143,1,27-08-2026,primera,14,Iniciada,,-2
SIM-2025-1143,1,27-08-2026,segunda,14,Iniciada,Sin actividad registrada en visita.,-2
SIM-2026-1144,1,27-08-2026,primera,63,Avanzada,"Materiales en obra, trabajo activo.",2
SIM-2026-1144,1,27-08-2026,segunda,66,Avanzada,,-1
SIM-2025-1145,1,27-08-2026,primera,27,Iniciada,Obra paralizada por falta de materiales.,-5
SIM-2025-1145,1,27-08-2026,segunda,27,Iniciada,Sin actividad registrada en visita.,6
SIM-2025-1146,4,27-08-2026,primera,8,Iniciada,,-5
SIM-2025-1146,4,27-08-2026,segunda,8,Iniciada,,-4
SIM-2026-1147,1,27-08-2026,primera,4,Iniciada,Terreno con problemas de acceso.,7
SIM-2026-1147,1,27-08-2026,segunda,5,Iniciada,Equipo de trabajo reducido.,6
SIM-2026-1149,4,27-08-2026,primera,20,Iniciada,Terreno con problemas de acceso.,5
SIM-2026-1151,1,27-08-2026,primera,61,Avanzada,,5
SIM-2026-1151,1,27-08-2026,segunda,61,Avanzada,Obra en progreso normal.,9
SIM-2026-1152,1,27-08-2026,primera,0,Iniciada,Terreno con problemas de acceso.,14
SIM-2025-1153,1,27-08-2026,primera,22,Iniciada,,0
SIM-2025-1153,1,27-08-2026,segunda,22,Iniciada,,8
SIM-2025-1156,1,27-08-2026,primera,53,Avanzada,,2
SIM-2025-1159,5,27-08-2026,primera,26,Iniciada,Obra paralizada por falta de materiales.,8
SIM-2025-1163,1,27-08-2026,primera,81,Avanzada,Obra próxima a finalizar.,2
SIM-2026-1164,1,27-08-2026,primera,37,Avanzada,Obra en progreso normal.,1
SIM-2026-1164,1,27-08-2026,segunda,37,Avanzada,Obra en progreso normal.,2
SIM-2026-1165,5,27-08-2026,primera,7,Iniciada,,-5
SIM-2025-1167,1,27-08-2026,primera,56,Avanzada,Se verificó avance conforme al cronograma.,-8
SIM-2025-1167,1,27-08-2026,segunda,56,Avanzada,,1
SIM-2025-1168,2,27-08-2026,primera,0,Iniciada,Obra paralizada por falta de materiales.,15
SIM-2025-1168,2,27-08-2026,segunda,7,Iniciada,,4
SIM-2025-1169,1,27-08-2026,primera,54,Avanzada,"Materiales en obra, trabajo activo.",4
SIM-2025-1170,2,27-08-2026,primera,37,Avanzada,,7
SIM-2026-1172,2,27-08-2026,primera,41,Avanzada,,12
SIM-2025-1174,1,27-08-2026,primera,4,Iniciada,Obra paralizada por falta de materiales.,5
SIM-2025-1174,1,27-08-2026,segunda,9,Iniciada,,0
SIM-2024-1175,1,27-08-2026,primera,67,Avanzada,,-6
SIM-2025-1176,4,27-08-2026,primera,19,Iniciada,,9
SIM-2025-1176,4,27-08-2026,segunda,29,Iniciada,Obra paralizada por falta de materiales.,-1
SIM-2025-1177,4,27-08-2026,primera,5,Iniciada,Obra paralizada por falta de materiales.,11
SIM-2026-1179,1,27-08-2026,primera,31,Iniciada,Obra en progreso normal.,-7
SIM-2026-1180,2,27-08-2026,primera,92,Avanzada,Obra próxima a finalizar.,5
SIM-2026-1180,2,27-08-2026,segunda,92,Avanzada,Calidad de construcción satisfactoria.,9
SIM-2025-1182,1,27-08-2026,primera,26,Iniciada,Obra paralizada por falta de materiales.,7
SIM-2025-1184,1,27-08-2026,primera,55,Avanzada,,-3
SIM-2025-1184,1,27-08-2026,segunda,55,Avanzada,Se verificó avance conforme al cronograma.,5
SIM-2026-1185,2,27-08-2026,primera,73,Avanzada,"Terminaciones en curso, sin observaciones.",0
SIM-2026-1185,2,27-08-2026,segunda,77,Avanzada,Calidad de construcción satisfactoria.,-4
SIM-2026-1186,4,27-08-2026,primera,29,Iniciada,,13
SIM-2026-1186,4,27-08-2026,segunda,40,Avanzada,,2
SIM-2023-1187,1,27-08-2026,primera,0,Iniciada,,9
SIM-2024-1192,2,27-08-2026,primera,19,Iniciada,Equipo de trabajo reducido.,-3
SIM-2024-1192,2,27-08-2026,segunda,19,Iniciada,,1
SIM-2025-1194,4,27-08-2026,primera,43,Avanzada,,-3
SIM-2026-1195,6,27-08-2026,primera,17,Iniciada,Equipo de trabajo reducido.,-3
SIM-2025-1198,1,27-08-2026,primera,53,Avanzada,,2
SIM-2025-1198,1,27-08-2026,segunda,53,Avanzada,"Materiales en obra, trabajo activo.",4
SIM-2025-1200,6,27-08-2026,primera,84,Avanzada,"Terminaciones en curso, sin observaciones.",-3
SIM-2025-1201,1,27-08-2026,primera,40,Avanzada,,10
SIM-2025-1201,1,27-08-2026,segunda,45,Avanzada,,5
SIM-2026-1203,2,27-08-2026,primera,38,Avanzada,"Materiales en obra, trabajo activo.",5
SIM-2026-1204,1,27-08-2026,primera,70,Avanzada,"Terminaciones en curso, sin observaciones.",7
SIM-2026-1204,1,27-08-2026,segunda,82,Avanzada,,-5
SIM-2026-1205,4,27-08-2026,primera,20,Iniciada,,0
SIM-2025-1207,4,27-08-2026,primera,33,Iniciada,Se verificó avance conforme al cronograma.,-5
SIM-2025-1208,6,27-08-2026,primera,22,Iniciada,Equipo de trabajo reducido.,10
SIM-2025-1208,6,27-08-2026,segunda,23,Iniciada,Obra paralizada por falta de materiales.,9
SIM-2025-1210,5,27-08-2026,primera,15,Iniciada,,13
SIM-2025-1212,2,27-08-2026,primera,49,Avanzada,,7
SIM-2025-1212,2,27-08-2026,segunda,51,Avanzada,"Materiales en obra, trabajo activo.",5
SIM-2025-1220,1,27-08-2026,primera,16,Iniciada,Obra paralizada por falta de materiales.,-4
SIM-2025-1220,1,27-08-2026,segunda,16,Iniciada,Obra paralizada por falta de materiales.,6
SIM-2025-1224,1,27-08-2026,primera,86,Avanzada,Calidad de construcción satisfactoria.,-7
SIM-2025-1224,1,27-08-2026,segunda,86,Avanzada,,9
SIM-2026-1226,6,27-08-2026,primera,0,Iniciada,Equipo de trabajo reducido.,10
SIM-2026-1227,1,27-08-2026,primera,10,Iniciada,,3
SIM-2026-1227,1,27-08-2026,segunda,11,Iniciada,,2
SIM-2026-1232,3,27-08-2026,primera,18,Iniciada,,-7
SIM-2025-1234,1,27-08-2026,primera,50,Avanzada,Se verificó avance conforme al cronograma.,-7
SIM-2026-1235,1,27-08-2026,primera,78,Avanzada,,4
SIM-2025-1236,1,27-08-2026,primera,17,Iniciada,Sin actividad registrada en visita.,10
SIM-2025-1236,1,27-08-2026,segunda,27,Iniciada,,0
SIM-2025-1239,2,27-08-2026,primera,19,Iniciada,Equipo de trabajo reducido.,-6
SIM-2025-1240,4,27-08-2026,primera,58,Avanzada,,15
SIM-2026-1241,1,27-08-2026,primera,69,Avanzada,Se verificó avance conforme al cronograma.,-6
SIM-2026-1241,1,27-08-2026,segunda,69,Avanzada,Obra en progreso normal.,1
SIM-2025-1246,1,27-08-2026,primera,27,Iniciada,Sin actividad registrada en visita.,7
SIM-2025-1246,1,27-08-2026,segunda,36,Avanzada,Obra en progreso normal.,-2
SIM-2025-1247,1,27-08-2026,primera,1,Iniciada,Equipo de trabajo reducido.,15
SIM-2025-1247,1,27-08-2026,segunda,7,Iniciada,Equipo de trabajo reducido.,9
SIM-2026-1249,1,27-08-2026,primera,57,Avanzada,,11
SIM-2025-1250,1,27-08-2026,primera,70,Avanzada,Obra próxima a finalizar.,4
SIM-2026-1251,3,27-08-2026,primera,2,Iniciada,,11
SIM-2025-1254,1,27-08-2026,primera,70,Avanzada,,8
SIM-2026-1255,2,27-08-2026,primera,43,Avanzada,,11
SIM-2026-1255,2,27-08-2026,segunda,50,Avanzada,,4
SIM-2023-1257,1,27-08-2026,primera,57,Avanzada,Obra en progreso normal.,2
SIM-2026-1258,1,27-08-2026,primera,7,Iniciada,,13
SIM-2026-1259,2,27-08-2026,primera,81,Avanzada,Obra próxima a finalizar.,1
SIM-2026-1259,2,27-08-2026,segunda,81,Avanzada,,7
SIM-2026-1260,2,27-08-2026,primera,7,Iniciada,,2
SIM-2025-1262,1,27-08-2026,primera,18,Iniciada,Terreno con problemas de acceso.,-4
SIM-2025-1262,1,27-08-2026,segunda,19,Iniciada,,-5
SIM-2026-1263,4,27-08-2026,primera,0,Iniciada,,14
SIM-2025-1264,2,27-08-2026,primera,66,Avanzada,,4
SIM-2025-1264,2,27-08-2026,segunda,75,Avanzada,,-5
SIM-2024-1266,1,27-08-2026,primera,5,Iniciada,,13
SIM-2024-1266,1,27-08-2026,segunda,8,Iniciada,,10
SIM-2026-1269,3,27-08-2026,primera,61,Avanzada,Se verificó avance conforme al cronograma.,6
SIM-2026-1273,6,27-08-2026,primera,82,Avanzada,"Terminaciones en curso, sin observaciones.",9
SIM-2026-1275,2,27-08-2026,primera,48,Avanzada,Obra en progreso normal.,-8
SIM-2025-1276,6,27-08-2026,primera,10,Iniciada,Sin actividad registrada en visita.,-8
SIM-2025-1278,2,27-08-2026,primera,34,Iniciada,,3
SIM-2026-1280,1,27-08-2026,primera,76,Avanzada,Calidad de construcción satisfactoria.,0
SIM-2026-1281,2,27-08-2026,primera,0,Iniciada,,15
SIM-2026-1281,2,27-08-2026,segunda,11,Iniciada,Equipo de trabajo reducido.,-5
SIM-2025-1283,1,27-08-2026,primera,22,Iniciada,,1
SIM-2023-1284,3,27-08-2026,primera,49,Avanzada,Obra en progreso normal.,2
SIM-2026-1286,1,27-08-2026,primera,11,Iniciada,,-1
SIM-2025-1287,4,27-08-2026,primera,37,Avanzada,"Materiales en obra, trabajo activo.",-7
SIM-2025-1287,4,27-08-2026,segunda,37,Avanzada,,7
SIM-2025-1288,1,27-08-2026,primera,7,Iniciada,Sin actividad registrada en visita.,12
SIM-2026-1293,1,27-08-2026,primera,59,Avanzada,"Materiales en obra, trabajo activo.",-6
SIM-2023-1297,2,27-08-2026,primera,84,Avanzada,,5
SIM-2025-1300,1,27-08-2026,primera,5,Iniciada,Terreno con problemas de acceso.,-5
SIM-2025-1300,1,27-08-2026,segunda,5,Iniciada,Obra paralizada por falta de materiales.,-5
SIM-2026-1303,1,27-08-2026,primera,1,Iniciada,Equipo de trabajo reducido.,8
SIM-2026-1303,1,27-08-2026,segunda,1,Iniciada,,8
SIM-2025-1305,1,27-08-2026,primera,18,Iniciada,Obra paralizada por falta de materiales.,4
SIM-2025-1305,1,27-08-2026,segunda,18,Iniciada,,8
SIM-2025-1306,2,27-08-2026,primera,19,Iniciada,Terreno con problemas de acceso.,8
SIM-2025-1306,2,27-08-2026,segunda,28,Iniciada,,-1
SIM-2025-1308,6,27-08-2026,primera,16,Iniciada,,-5
SIM-2026-1309,1,27-08-2026,primera,8,Iniciada,,-2
SIM-2026-1309,1,27-08-2026,segunda,8,Iniciada,Sin actividad registrada en visita.,-2
SIM-2026-1310,1,27-08-2026,primera,44,Avanzada,Obra en progreso normal.,2
SIM-2026-1311,1,27-08-2026,primera,17,Iniciada,,8
SIM-2026-1311,1,27-08-2026,segunda,24,Iniciada,,1
SIM-2025-1312,1,27-08-2026,primera,36,Avanzada,Obra en progreso normal.,14
SIM-2025-1312,1,27-08-2026,segunda,50,Avanzada,"Materiales en obra, trabajo activo.",0
SIM-2026-1314,6,27-08-2026,primera,3,Iniciada,Sin actividad registrada en visita.,6
SIM-2026-1314,6,27-08-2026,segunda,3,Iniciada,Obra paralizada por falta de materiales.,10
SIM-2026-1316,2,27-08-2026,primera,14,Iniciada,Equipo de trabajo reducido.,2
SIM-2026-1318,2,27-08-2026,primera,21,Iniciada,,6
SIM-2026-1319,1,27-08-2026,primera,46,Avanzada,,5
SIM-2026-1319,1,27-08-2026,segunda,54,Avanzada,,-3
SIM-2023-1320,1,27-08-2026,primera,1,Iniciada,,14
SIM-2023-1320,1,27-08-2026,segunda,19,Iniciada,,-4
SIM-2026-1321,1,27-08-2026,primera,13,Iniciada,Terreno con problemas de acceso.,5
SIM-2025-1322,2,27-08-2026,primera,75,Avanzada,,-6
SIM-2025-1322,2,27-08-2026,segunda,75,Avanzada,,10
SIM-2025-1323,2,27-08-2026,primera,10,Iniciada,Terreno con problemas de acceso.,0
SIM-2025-1324,4,27-08-2026,primera,30,Iniciada,"Materiales en obra, trabajo activo.",9
SIM-2025-1328,1,27-08-2026,primera,9,Iniciada,Obra paralizada por falta de materiales.,14
SIM-2025-1328,1,27-08-2026,segunda,26,Iniciada,Equipo de trabajo reducido.,-3
SIM-2026-1329,1,27-08-2026,primera,0,Iniciada,,11
SIM-2026-1329,1,27-08-2026,segunda,0,Iniciada,,4
SIM-2025-1330,1,27-08-2026,primera,4,Iniciada,,7
SIM-2025-1330,1,27-08-2026,segunda,4,Iniciada,,10
SIM-2025-1333,3,27-08-2026,primera,5,Iniciada,Obra paralizada por falta de materiales.,10
SIM-2025-1335,4,27-08-2026,primera,40,Avanzada,,9
SIM-2025-1335,4,27-08-2026,segunda,42,Avanzada,,7
SIM-2025-1337,1,27-08-2026,primera,13,Iniciada,Obra paralizada por falta de materiales.,7
SIM-2025-1337,1,27-08-2026,segunda,17,Iniciada,Equipo de trabajo reducido.,3
SIM-2026-1339,4,27-08-2026,primera,10,Iniciada,Terreno con problemas de acceso.,5
SIM-2026-1345,6,27-08-2026,primera,87,Avanzada,"Terminaciones en curso, sin observaciones.",-8
SIM-2026-1345,6,27-08-2026,segunda,87,Avanzada,,8
SIM-2026-1347,2,27-08-2026,primera,8,Iniciada,Sin actividad registrada en visita.,-2
SIM-2025-1350,1,27-08-2026,primera,19,Iniciada,Sin actividad registrada en visita.,-3
SIM-2025-1350,1,27-08-2026,segunda,19,Iniciada,,0
SIM-2025-1351,1,27-08-2026,primera,36,Avanzada,,12
SIM-2026-1352,1,27-08-2026,primera,20,Iniciada,,9
SIM-2025-1354,5,27-08-2026,primera,51,Avanzada,,13
SIM-2025-1356,6,27-08-2026,primera,2,Iniciada,,8
SIM-2025-1358,1,27-08-2026,primera,21,Iniciada,Sin actividad registrada en visita.,-5
SIM-2025-1359,1,27-08-2026,primera,9,Iniciada,,9
SIM-2025-1359,1,27-08-2026,segunda,14,Iniciada,,4
SIM-2026-1361,1,27-08-2026,primera,79,Avanzada,,-6
SIM-2025-1362,1,27-08-2026,primera,41,Avanzada,,1
SIM-2025-1362,1,27-08-2026,segunda,44,Avanzada,Se verificó avance conforme al cronograma.,-2
SIM-2026-1363,4,27-08-2026,primera,18,Iniciada,,15
SIM-2026-1364,1,27-08-2026,primera,37,Avanzada,Obra en progreso normal.,8
SIM-2026-1364,1,27-08-2026,segunda,49,Avanzada,,-4
SIM-2026-1365,6,27-08-2026,primera,92,Avanzada,"Terminaciones en curso, sin observaciones.",-7
SIM-2026-1365,6,27-08-2026,segunda,92,Avanzada,,-3
SIM-2025-1367,1,27-08-2026,primera,7,Iniciada,Obra paralizada por falta de materiales.,-2
SIM-2025-1367,1,27-08-2026,segunda,7,Iniciada,Obra paralizada por falta de materiales.,7
SIM-2026-1370,1,27-08-2026,primera,0,Iniciada,,7
SIM-2026-1370,1,27-08-2026,segunda,3,Iniciada,,0
SIM-2025-1371,1,27-08-2026,primera,66,Avanzada,"Materiales en obra, trabajo activo.",8
SIM-2024-1377,1,27-08-2026,primera,0,Iniciada,Obra paralizada por falta de materiales.,12
SIM-2024-1377,1,27-08-2026,segunda,2,Iniciada,,2
SIM-2025-1379,4,27-08-2026,primera,61,Avanzada,,-6
SIM-2025-1379,4,27-08-2026,segunda,61,Avanzada,Se verificó avance conforme al cronograma.,6
SIM-2026-1386,4,27-08-2026,primera,32,Iniciada,,1
SIM-2026-1387,4,27-08-2026,primera,79,Avanzada,"Terminaciones en curso, sin observaciones.",-1
SIM-2026-1387,4,27-08-2026,segunda,79,Avanzada,,9
SIM-2026-1391,1,27-08-2026,primera,58,Avanzada,"Materiales en obra, trabajo activo.",12
SIM-2024-1392,4,27-08-2026,primera,14,Iniciada,,1
SIM-2024-1392,4,27-08-2026,segunda,14,Iniciada,,2
SIM-2025-1396,1,27-08-2026,primera,34,Iniciada,Se verificó avance conforme al cronograma.,0
SIM-2025-1396,1,27-08-2026,segunda,34,Iniciada,"Materiales en obra, trabajo activo.",9
SIM-2026-1397,3,27-08-2026,primera,1,Iniciada,Terreno con problemas de acceso.,4
SIM-2026-1398,6,27-08-2026,primera,0,Iniciada,Equipo de trabajo reducido.,12
SIM-2026-1398,6,27-08-2026,segunda,6,Iniciada,Sin actividad registrada en visita.,2
SIM-2026-1400,6,27-08-2026,primera,0,Iniciada,Obra paralizada por falta de materiales.,8
SIM-2025-1401,4,27-08-2026,primera,7,Iniciada,Equipo de trabajo reducido.,0
SIM-2025-1402,1,27-08-2026,primera,68,Avanzada,,6
SIM-2025-1402,1,27-08-2026,segunda,79,Avanzada,,-5
SIM-2026-1403,6,27-08-2026,primera,67,Avanzada,Obra en progreso normal.,1
SIM-2026-1403,6,27-08-2026,segunda,67,Avanzada,"Materiales en obra, trabajo activo.",2
SIM-2025-1404,1,27-08-2026,primera,58,Avanzada,,-3
SIM-2026-1406,6,27-08-2026,primera,57,Avanzada,Se verificó avance conforme al cronograma.,-5
SIM-2026-1409,6,27-08-2026,primera,62,Avanzada,Se verificó avance conforme al cronograma.,-1
SIM-2026-1409,6,27-08-2026,segunda,63,Avanzada,"Materiales en obra, trabajo activo.",-2
SIM-2023-1410,1,27-08-2026,primera,11,Iniciada,Terreno con problemas de acceso.,-3
SIM-2025-1411,1,27-08-2026,primera,29,Iniciada,Obra paralizada por falta de materiales.,0
SIM-2025-1411,1,27-08-2026,segunda,33,Iniciada,,-4
SIM-2026-1414,1,27-08-2026,primera,25,Iniciada,Sin actividad registrada en visita.,0
SIM-2026-1414,1,27-08-2026,segunda,28,Iniciada,Sin actividad registrada en visita.,-3
SIM-2026-1415,1,27-08-2026,primera,18,Iniciada,Equipo de trabajo reducido.,15
SIM-2025-1416,1,27-08-2026,primera,87,Avanzada,,10
SIM-2025-1421,6,27-08-2026,primera,37,Avanzada,,6
SIM-2025-1421,6,27-08-2026,segunda,40,Avanzada,Se verificó avance conforme al cronograma.,3
SIM-2026-1422,5,27-08-2026,primera,56,Avanzada,,-5
SIM-2026-1430,4,27-08-2026,primera,14,Iniciada,,11
SIM-2026-1432,1,27-08-2026,primera,9,Iniciada,Sin actividad registrada en visita.,10
SIM-2026-1432,1,27-08-2026,segunda,12,Iniciada,,7
SIM-2026-1435,3,27-08-2026,primera,21,Iniciada,Terreno con problemas de acceso.,10
SIM-2026-1436,1,27-08-2026,primera,37,Avanzada,,-5
SIM-2025-1438,2,27-08-2026,primera,31,Iniciada,,-7
SIM-2026-1443,2,27-08-2026,primera,25,Iniciada,,4
SIM-2026-1443,2,27-08-2026,segunda,31,Iniciada,Obra en progreso normal.,-2
SIM-2026-1446,1,27-08-2026,primera,52,Avanzada,"Materiales en obra, trabajo activo.",15
SIM-2026-1446,1,27-08-2026,segunda,60,Avanzada,Se verificó avance conforme al cronograma.,7
SIM-2026-1448,2,27-08-2026,primera,34,Iniciada,,14
SIM-2026-1448,2,27-08-2026,segunda,45,Avanzada,"Materiales en obra, trabajo activo.",3
SIM-2026-1450,4,27-08-2026,primera,0,Iniciada,Obra paralizada por falta de materiales.,7
SIM-2026-1453,2,27-08-2026,primera,75,Avanzada,,1
SIM-2026-1453,2,27-08-2026,segunda,75,Avanzada,"Terminaciones en curso, sin observaciones.",3
SIM-2025-1462,4,27-08-2026,primera,32,Iniciada,,15
SIM-2026-1464,2,27-08-2026,primera,61,Avanzada,,2
SIM-2026-1464,2,27-08-2026,segunda,68,Avanzada,,-5
SIM-2025-1467,1,27-08-2026,primera,14,Iniciada,Sin actividad registrada en visita.,3
SIM-2025-1467,1,27-08-2026,segunda,22,Iniciada,,-5
SIM-2026-1469,1,27-08-2026,primera,62,Avanzada,,2
SIM-2026-1469,1,27-08-2026,segunda,69,Avanzada,Obra en progreso normal.,-5
SIM-2026-1470,1,27-08-2026,primera,51,Avanzada,Se verificó avance conforme al cronograma.,3
SIM-2026-1475,1,27-08-2026,primera,44,Avanzada,,-3
SIM-2026-1475,1,27-08-2026,segunda,44,Avanzada,Se verificó avance conforme al cronograma.,4
SIM-2026-1476,1,27-08-2026,primera,68,Avanzada,,11
SIM-2026-1476,1,27-08-2026,segunda,83,Avanzada,Calidad de construcción satisfactoria.,-4
SIM-2025-1478,1,27-08-2026,primera,19,Iniciada,Terreno con problemas de acceso.,-5
SIM-2025-1478,1,27-08-2026,segunda,19,Iniciada,Sin actividad registrada en visita.,9
SIM-2026-1483,5,27-08-2026,primera,8,Iniciada,Terreno con problemas de acceso.,4
SIM-2026-1485,1,27-08-2026,primera,21,Iniciada,Terreno con problemas de acceso.,-5
SIM-2025-1486,3,27-08-2026,primera,9,Iniciada,,3
SIM-2025-1490,1,27-08-2026,primera,0,Iniciada,,8
SIM-2026-1491,1,27-08-2026,primera,86,Avanzada,"Terminaciones en curso, sin observaciones.",9
SIM-2026-1491,1,27-08-2026,segunda,88,Avanzada,"Terminaciones en curso, sin observaciones.",7
SIM-2026-1493,1,27-08-2026,primera,25,Iniciada,Terreno con problemas de acceso.,-6
SIM-2026-1493,1,27-08-2026,segunda,25,Iniciada,,-5
SIM-2025-1494,2,27-08-2026,primera,65,Avanzada,,-4
SIM-2025-1494,2,27-08-2026,segunda,65,Avanzada,,3
SIM-2025-1496,1,27-08-2026,primera,49,Avanzada,,-4
SIM-2026-1497,4,27-08-2026,primera,8,Iniciada,Sin actividad registrada en visita.,8
SIM-2026-1497,4,27-08-2026,segunda,8,Iniciada,Sin actividad registrada en visita.,8
